idRiwayat,namaCabang,namaBahan,tanggal,jmlhMasuk,jmlhKeluar
RWT0001,Cabang1,Brokoli,2/6/2025 18:28,0,15
RWT0002,Cabang1,Daun Selada,9/7/2025 12:17,43,0
RWT0003,Cabang4,Alpukat,11/10/2024 17:03,14,0
RWT0004,Cabang3,Oatmeal,9/15/2025 20:15,0,28
RWT0005,Cabang3,Fillet Ikan Dori,6/28/2025 23:53,0,3
RWT0006,Cabang2,Telur,4/29/2025 22:18,0,21
RWT0007,Cabang3,Fillet Ikan Dori,5/27/2025 1:16,0,45
RWT0008,Cabang2,Daun Selada,11/2/2024 19:12,0,22
RWT0009,Cabang2,Daun Selada,8/27/2025 18:38,40,0
RWT0010,Cabang4,Beras Merah,8/26/2025 15:22,0,20
RWT0011,Cabang1,Daun Selada,8/21/2025 10:38,0,6
RWT0012,Cabang4,Fillet Ikan Dori,12/9/2024 21:32,17,0
RWT0013,Cabang4,Wortel,8/15/2025 13:06,25,0
RWT0014,Cabang4,Telur,10/12/2024 10:29,0,42
RWT0015,Cabang4,Brokoli,10/20/2024 16:19,19,0
RWT0016,Cabang1,Brokoli,2/10/2025 0:04,0,42
RWT0017,Cabang4,Dada Ayam Fillet,10/3/2025 21:29,15,0
RWT0018,Cabang2,Oatmeal,6/25/2025 16:42,0,7
RWT0019,Cabang1,Minyak,11/29/2024 20:11,0,12
RWT0020,Cabang1,Wortel,4/6/2025 20:35,0,32
RWT0021,Cabang3,Minyak,1/17/2025 15:04,0,21
RWT0022,Pusat,Brokoli,8/8/2025 20:27,0,32
RWT0023,Cabang2,Telur,1/25/2025 22:40,0,41
RWT0024,Cabang2,Alpukat,3/7/2025 9:55,36,0
RWT0025,Cabang3,Oatmeal,1/20/2025 8:12,0,50
RWT0026,Cabang1,Daun Selada,4/21/2025 14:06,41,0
RWT0027,Pusat,Beras Merah,1/25/2025 4:48,0,42
RWT0028,Pusat,Brokoli,10/24/2024 19:58,47,0
RWT0029,Cabang1,Minyak,2/14/2025 19:34,0,2
RWT0030,Cabang1,Telur,10/5/2025 8:22,24,0
RWT0031,Cabang1,Dada Ayam Fillet,10/2/2025 4:37,0,15
RWT0032,Cabang3,Daun Selada,4/19/2025 5:08,0,27
RWT0033,Pusat,Telur,3/23/2025 2:24,0,20
RWT0034,Cabang1,Wortel,2/4/2025 13:53,38,0
RWT0035,Cabang4,Fillet Ikan Dori,5/1/2025 21:45,0,35
RWT0036,Cabang2,Oatmeal,7/1/2025 14:50,34,0
RWT0037,Cabang4,Fillet Ikan Dori,8/30/2025 6:36,0,35
RWT0038,Cabang3,Daun Selada,10/29/2024 14:10,24,0
RWT0039,Cabang4,Minyak,4/30/2025 8:48,13,0
RWT0040,Cabang2,Daun Selada,1/6/2025 17:41,10,0
RWT0041,Cabang4,Telur,6/29/2025 0:14,0,11
RWT0042,Cabang1,Beras Merah,12/6/2024 21:36,25,0
RWT0043,Cabang1,Wortel,9/6/2025 6:28,0,14
RWT0044,Cabang2,Wortel,7/6/2025 17:43,34,0
RWT0045,Cabang3,Oatmeal,11/5/2024 5:30,0,24
RWT0046,Cabang3,Telur,5/28/2025 22:41,0,21
RWT0047,Cabang1,Telur,8/6/2025 1:34,0,28
RWT0048,Cabang4,Wortel,4/26/2025 3:37,26,0
RWT0049,Cabang4,Minyak,4/19/2025 10:15,0,13
RWT0050,Cabang3,Fillet Ikan Dori,10/16/2024 9:12,0,41
RWT0051,Cabang2,Oatmeal,8/30/2025 15:19,0,4
RWT0052,Cabang3,Daun Selada,2/10/2025 21:18,18,0
RWT0053,Cabang3,Telur,8/11/2025 4:34,0,32
RWT0054,Cabang2,Alpukat,3/12/2025 15:00,0,39
RWT0055,Pusat,Minyak,1/28/2025 5:44,0,11
RWT0056,Cabang1,Minyak,5/29/2025 18:22,23,0
RWT0057,Cabang3,Beras Merah,10/6/2025 8:47,36,0
RWT0058,Pusat,Dada Ayam Fillet,2/13/2025 12:29,0,10
RWT0059,Cabang4,Beras Merah,9/14/2025 2:07,0,36
RWT0060,Cabang2,Oatmeal,7/18/2025 21:28,0,26
RWT0061,Cabang1,Wortel,10/9/2025 13:29,10,0
RWT0062,Cabang3,Dada Ayam Fillet,2/26/2025 3:30,0,40
RWT0063,Cabang1,Brokoli,5/23/2025 22:15,30,0
RWT0064,Pusat,Brokoli,11/14/2024 18:49,0,24
RWT0065,Cabang4,Wortel,10/13/2024 10:29,0,32
RWT0066,Pusat,Brokoli,5/3/2025 12:09,1,0
RWT0067,Cabang1,Minyak,11/1/2024 11:44,46,0
RWT0068,Cabang1,Dada Ayam Fillet,5/17/2025 12:15,35,0
RWT0069,Cabang2,Wortel,11/10/2024 15:30,0,42
RWT0070,Pusat,Beras Merah,4/26/2025 2:26,8,0
RWT0071,Cabang4,Wortel,3/18/2025 16:28,7,0
RWT0072,Cabang3,Dada Ayam Fillet,1/17/2025 1:48,0,39
RWT0073,Cabang2,Alpukat,3/25/2025 20:41,34,0
RWT0074,Cabang2,Beras Merah,12/13/2024 12:08,33,0
RWT0075,Pusat,Dada Ayam Fillet,5/31/2025 15:31,0,12
RWT0076,Pusat,Brokoli,3/19/2025 19:21,45,0
RWT0077,Cabang2,Dada Ayam Fillet,10/3/2025 10:16,43,0
RWT0078,Cabang2,Fillet Ikan Dori,11/27/2024 14:24,3,0
RWT0079,Cabang3,Fillet Ikan Dori,5/22/2025 14:24,0,15
RWT0080,Cabang3,Wortel,12/29/2024 15:30,0,47
RWT0081,Cabang1,Dada Ayam Fillet,3/16/2025 12:18,8,0
RWT0082,Cabang2,Dada Ayam Fillet,11/19/2024 0:59,0,10
RWT0083,Cabang4,Beras Merah,12/7/2024 13:43,0,4
RWT0084,Cabang2,Telur,8/10/2025 7:36,0,13
RWT0085,Cabang3,Beras Merah,9/5/2025 9:45,0,38
RWT0086,Pusat,Minyak,4/8/2025 1:41,0,26
RWT0087,Cabang1,Daun Selada,8/31/2025 7:19,3,0
RWT0088,Cabang2,Beras Merah,7/18/2025 22:30,10,0
RWT0089,Cabang1,Wortel,2/21/2025 14:07,0,20
RWT0090,Cabang3,Minyak,1/7/2025 0:05,0,5
RWT0091,Pusat,Wortel,12/12/2024 19:13,0,39
RWT0092,Cabang2,Brokoli,10/22/2024 4:50,0,49
RWT0093,Cabang3,Fillet Ikan Dori,8/26/2025 5:01,22,0
RWT0094,Cabang3,Oatmeal,8/26/2025 23:35,0,38
RWT0095,Cabang1,Minyak,5/2/2025 14:17,0,8
RWT0096,Cabang3,Alpukat,6/2/2025 19:06,32,0
RWT0097,Pusat,Alpukat,11/25/2024 6:31,25,0
RWT0098,Cabang1,Alpukat,1/13/2025 2:11,0,3
RWT0099,Cabang1,Alpukat,10/1/2025 4:39,0,26
RWT0100,Cabang2,Dada Ayam Fillet,7/29/2025 2:50,0,36
RWT0101,Cabang4,Wortel,3/19/2025 20:26,0,47
RWT0102,Cabang2,Beras Merah,10/24/2024 11:44,0,44
RWT0103,Cabang2,Fillet Ikan Dori,12/5/2024 12:17,37,0
RWT0104,Cabang1,Dada Ayam Fillet,7/26/2025 18:02,0,36
RWT0105,Cabang4,Brokoli,2/4/2025 16:18,46,0
RWT0106,Pusat,Fillet Ikan Dori,10/16/2024 9:08,0,46
RWT0107,Cabang2,Wortel,10/18/2024 1:37,0,27
RWT0108,Cabang2,Minyak,3/2/2025 0:34,0,41
RWT0109,Cabang2,Alpukat,8/21/2025 12:53,0,50
RWT0110,Cabang2,Beras Merah,1/1/2025 20:19,10,0
RWT0111,Cabang3,Beras Merah,2/20/2025 14:31,0,12
RWT0112,Pusat,Alpukat,12/1/2024 23:32,35,0
RWT0113,Pusat,Minyak,4/19/2025 3:06,8,0
RWT0114,Pusat,Dada Ayam Fillet,12/12/2024 17:25,0,4
RWT0115,Cabang2,Alpukat,7/25/2025 23:04,28,0
RWT0116,Cabang1,Telur,12/31/2024 12:03,0,1
RWT0117,Cabang4,Alpukat,8/6/2025 2:00,9,0
RWT0118,Cabang3,Brokoli,9/12/2025 17:57,45,0
RWT0119,Cabang4,Telur,11/27/2024 5:07,0,45
RWT0120,Cabang2,Oatmeal,5/28/2025 13:50,0,29
RWT0121,Cabang3,Wortel,6/1/2025 7:01,0,27
RWT0122,Cabang1,Fillet Ikan Dori,12/14/2024 1:38,35,0
RWT0123,Cabang3,Wortel,8/1/2025 13:51,35,0
RWT0124,Cabang4,Wortel,4/20/2025 6:24,8,0
RWT0125,Pusat,Fillet Ikan Dori,6/12/2025 4:47,17,0
RWT0126,Cabang1,Wortel,12/1/2024 3:48,34,0
RWT0127,Cabang1,Brokoli,3/30/2025 21:43,0,43
RWT0128,Cabang4,Telur,9/27/2025 23:39,0,25
RWT0129,Pusat,Dada Ayam Fillet,8/23/2025 3:44,4,0
RWT0130,Pusat,Dada Ayam Fillet,6/21/2025 5:21,0,2
RWT0131,Pusat,Alpukat,1/4/2025 4:08,0,25
RWT0132,Cabang3,Brokoli,11/9/2024 3:56,0,40
RWT0133,Cabang2,Brokoli,9/15/2025 2:09,0,8
RWT0134,Cabang4,Fillet Ikan Dori,9/7/2025 22:13,0,25
RWT0135,Cabang2,Dada Ayam Fillet,8/26/2025 19:07,0,20
RWT0136,Cabang4,Dada Ayam Fillet,1/1/2025 6:27,0,20
RWT0137,Pusat,Minyak,12/11/2024 12:13,12,0
RWT0138,Cabang4,Fillet Ikan Dori,6/9/2025 1:20,5,0
RWT0139,Cabang1,Oatmeal,9/5/2025 22:13,0,48
RWT0140,Cabang2,Daun Selada,3/8/2025 4:25,24,0
RWT0141,Cabang1,Telur,5/13/2025 15:17,0,19
RWT0142,Cabang4,Dada Ayam Fillet,9/19/2025 5:10,0,8
RWT0143,Cabang1,Brokoli,6/29/2025 1:03,0,48
RWT0144,Pusat,Alpukat,5/7/2025 2:59,0,42
RWT0145,Cabang2,Fillet Ikan Dori,5/14/2025 16:02,0,38
RWT0146,Cabang4,Telur,10/21/2024 2:43,0,41
RWT0147,Cabang4,Fillet Ikan Dori,3/8/2025 2:17,14,0
RWT0148,Cabang4,Telur,10/6/2025 5:01,0,37
RWT0149,Cabang3,Minyak,5/17/2025 8:21,0,46
RWT0150,Pusat,Alpukat,11/13/2024 13:59,0,25
RWT0151,Cabang1,Beras Merah,2/10/2025 3:27,0,24
RWT0152,Cabang3,Daun Selada,10/1/2025 10:01,0,30
RWT0153,Cabang4,Alpukat,1/12/2025 11:35,0,37
RWT0154,Cabang3,Oatmeal,11/5/2024 5:16,0,37
RWT0155,Pusat,Telur,6/27/2025 22:03,0,26
RWT0156,Cabang3,Minyak,3/22/2025 17:28,0,34
RWT0157,Cabang4,Oatmeal,2/28/2025 12:26,0,4
RWT0158,Cabang2,Daun Selada,5/11/2025 15:41,32,0
RWT0159,Cabang2,Alpukat,2/14/2025 8:17,0,43
RWT0160,Cabang3,Wortel,3/30/2025 3:01,0,38
RWT0161,Cabang3,Dada Ayam Fillet,1/5/2025 8:02,36,0
RWT0162,Cabang4,Oatmeal,4/27/2025 1:57,22,0
RWT0163,Cabang4,Wortel,12/14/2024 19:00,0,7
RWT0164,Cabang2,Dada Ayam Fillet,9/9/2025 22:12,27,0
RWT0165,Cabang3,Alpukat,8/24/2025 8:42,4,0
RWT0166,Cabang2,Alpukat,7/11/2025 22:54,0,47
RWT0167,Pusat,Wortel,10/31/2024 11:15,0,9
RWT0168,Cabang2,Dada Ayam Fillet,7/20/2025 15:24,0,20
RWT0169,Cabang3,Daun Selada,8/31/2025 1:39,0,50
RWT0170,Cabang1,Wortel,6/23/2025 2:53,0,48
RWT0171,Cabang3,Oatmeal,2/6/2025 2:51,45,0
RWT0172,Cabang4,Beras Merah,11/16/2024 4:25,0,35
RWT0173,Cabang3,Beras Merah,12/30/2024 22:57,0,49
RWT0174,Cabang1,Telur,12/22/2024 15:02,40,0
RWT0175,Cabang3,Oatmeal,1/28/2025 6:58,0,46
RWT0176,Cabang1,Alpukat,10/25/2024 14:16,0,24
RWT0177,Cabang3,Oatmeal,3/19/2025 1:59,0,30
RWT0178,Cabang4,Fillet Ikan Dori,5/12/2025 20:06,0,1
RWT0179,Cabang1,Minyak,9/11/2025 13:44,0,12
RWT0180,Cabang1,Dada Ayam Fillet,10/14/2024 17:08,26,0
RWT0181,Cabang4,Wortel,7/13/2025 16:02,0,17
RWT0182,Cabang3,Brokoli,4/26/2025 22:25,17,0
RWT0183,Pusat,Telur,7/4/2025 14:21,0,37
RWT0184,Pusat,Daun Selada,6/8/2025 8:13,0,34
RWT0185,Cabang2,Alpukat,3/31/2025 11:09,0,19
RWT0186,Cabang1,Oatmeal,9/19/2025 15:25,0,13
RWT0187,Pusat,Telur,7/14/2025 7:41,0,30
RWT0188,Cabang1,Alpukat,2/26/2025 3:01,0,48
RWT0189,Cabang3,Minyak,4/9/2025 16:14,0,49
RWT0190,Cabang2,Dada Ayam Fillet,7/11/2025 4:16,0,29
RWT0191,Cabang3,Fillet Ikan Dori,1/4/2025 19:08,5,0
RWT0192,Cabang4,Oatmeal,5/29/2025 10:59,0,38
RWT0193,Cabang3,Minyak,11/13/2024 23:27,0,40
RWT0194,Cabang2,Minyak,7/6/2025 4:56,0,26
RWT0195,Pusat,Beras Merah,10/1/2025 21:43,0,44
RWT0196,Pusat,Brokoli,9/29/2025 2:46,0,37
RWT0197,Cabang3,Daun Selada,7/27/2025 13:07,0,22
RWT0198,Cabang2,Daun Selada,9/18/2025 12:41,0,47
RWT0199,Cabang4,Oatmeal,1/15/2025 12:18,44,0
RWT0200,Cabang4,Minyak,7/31/2025 7:52,10,0
RWT0201,Cabang1,Brokoli,2/10/2025 9:45,0,44
RWT0202,Cabang2,Beras Merah,6/23/2025 2:51,4,0
RWT0203,Pusat,Oatmeal,9/16/2025 3:23,0,25
RWT0204,Cabang4,Dada Ayam Fillet,8/4/2025 3:09,35,0
RWT0205,Cabang4,Daun Selada,9/15/2025 16:23,0,45
RWT0206,Cabang1,Beras Merah,11/25/2024 22:51,34,0
RWT0207,Cabang1,Dada Ayam Fillet,8/23/2025 16:21,10,0
RWT0208,Cabang4,Telur,6/12/2025 4:17,23,0
RWT0209,Cabang2,Wortel,6/9/2025 4:16,0,26
RWT0210,Cabang3,Wortel,11/22/2024 17:22,0,12
RWT0211,Cabang1,Telur,4/26/2025 7:35,42,0
RWT0212,Cabang2,Dada Ayam Fillet,7/5/2025 17:45,0,19
RWT0213,Cabang2,Wortel,6/2/2025 7:45,1,0
RWT0214,Cabang3,Dada Ayam Fillet,4/13/2025 3:03,50,0
RWT0215,Cabang2,Brokoli,11/13/2024 17:59,0,34
RWT0216,Cabang4,Brokoli,11/12/2024 9:32,1,0
RWT0217,Cabang1,Wortel,3/24/2025 9:29,0,33
RWT0218,Cabang1,Beras Merah,10/30/2024 22:17,49,0
RWT0219,Cabang1,Fillet Ikan Dori,10/30/2024 14:34,36,0
RWT0220,Pusat,Telur,7/18/2025 16:43,0,49
RWT0221,Cabang4,Fillet Ikan Dori,6/16/2025 5:23,0,10
RWT0222,Cabang2,Daun Selada,5/20/2025 11:23,6,0
RWT0223,Cabang4,Telur,4/12/2025 18:47,0,10
RWT0224,Cabang1,Fillet Ikan Dori,9/15/2025 18:41,22,0
RWT0225,Cabang1,Oatmeal,1/21/2025 17:20,0,39
RWT0226,Cabang1,Oatmeal,6/14/2025 0:11,0,48
RWT0227,Cabang2,Beras Merah,9/25/2025 22:19,0,34
RWT0228,Cabang2,Daun Selada,11/19/2024 2:55,9,0
RWT0229,Cabang3,Beras Merah,7/17/2025 2:44,2,0
RWT0230,Pusat,Dada Ayam Fillet,9/15/2025 17:24,0,15
RWT0231,Cabang4,Minyak,3/21/2025 21:59,0,6
RWT0232,Cabang4,Minyak,4/3/2025 18:08,0,25
RWT0233,Cabang3,Brokoli,2/3/2025 13:33,36,0
RWT0234,Cabang3,Fillet Ikan Dori,12/20/2024 22:51,0,9
RWT0235,Cabang3,Telur,3/11/2025 15:56,0,44
RWT0236,Cabang3,Oatmeal,6/3/2025 21:47,0,50
RWT0237,Cabang4,Daun Selada,3/27/2025 9:48,0,40
RWT0238,Pusat,Dada Ayam Fillet,5/30/2025 18:04,0,32
RWT0239,Cabang2,Telur,9/10/2025 8:11,0,22
RWT0240,Cabang4,Brokoli,11/11/2024 13:45,21,0
RWT0241,Cabang4,Fillet Ikan Dori,9/3/2025 17:01,38,0
RWT0242,Cabang4,Telur,7/9/2025 1:11,0,22
RWT0243,Cabang1,Brokoli,5/10/2025 16:29,0,12
RWT0244,Cabang4,Beras Merah,8/12/2025 15:21,29,0
RWT0245,Cabang3,Brokoli,1/30/2025 18:31,0,50
RWT0246,Cabang3,Daun Selada,7/18/2025 17:54,0,18
RWT0247,Pusat,Dada Ayam Fillet,4/6/2025 23:40,0,7
RWT0248,Cabang1,Alpukat,10/1/2025 19:25,49,0
RWT0249,Cabang2,Beras Merah,7/25/2025 18:08,0,5
RWT0250,Cabang4,Beras Merah,3/18/2025 21:05,38,0
RWT0251,Cabang3,Daun Selada,4/14/2025 4:41,17,0
RWT0252,Cabang4,Wortel,10/28/2024 7:00,2,0
RWT0253,Cabang4,Alpukat,9/30/2025 21:25,50,0
RWT0254,Cabang1,Alpukat,7/31/2025 4:22,18,0
RWT0255,Cabang3,Fillet Ikan Dori,2/20/2025 15:53,0,6
RWT0256,Cabang2,Telur,11/1/2024 0:11,46,0
RWT0257,Cabang3,Daun Selada,5/10/2025 10:12,0,32
RWT0258,Pusat,Alpukat,5/3/2025 8:07,0,14
RWT0259,Pusat,Oatmeal,8/29/2025 3:42,0,40
RWT0260,Cabang4,Wortel,4/14/2025 17:19,0,5
RWT0261,Cabang3,Oatmeal,7/15/2025 1:58,9,0
RWT0262,Cabang3,Fillet Ikan Dori,4/4/2025 17:01,0,36
RWT0263,Cabang2,Daun Selada,3/8/2025 11:28,0,25
RWT0264,Cabang1,Daun Selada,2/4/2025 15:37,0,28
RWT0265,Cabang4,Fillet Ikan Dori,6/23/2025 8:15,42,0
RWT0266,Pusat,Oatmeal,8/22/2025 12:14,0,30
RWT0267,Cabang2,Alpukat,11/17/2024 10:17,0,11
RWT0268,Cabang2,Wortel,9/15/2025 1:09,0,20
RWT0269,Cabang4,Daun Selada,1/19/2025 5:43,27,0
RWT0270,Cabang2,Telur,6/15/2025 11:12,0,45
RWT0271,Pusat,Beras Merah,2/23/2025 21:35,0,38
RWT0272,Pusat,Dada Ayam Fillet,4/4/2025 10:41,35,0
RWT0273,Cabang1,Daun Selada,11/2/2024 11:41,0,41
RWT0274,Cabang3,Wortel,7/10/2025 21:42,1,0
RWT0275,Cabang4,Telur,6/27/2025 10:30,0,18
RWT0276,Cabang4,Beras Merah,4/19/2025 8:56,0,11
RWT0277,Pusat,Oatmeal,9/12/2025 5:19,0,8
RWT0278,Cabang1,Alpukat,12/1/2024 13:01,12,0
RWT0279,Pusat,Fillet Ikan Dori,8/28/2025 15:57,29,0
RWT0280,Cabang3,Telur,2/17/2025 3:36,0,27
RWT0281,Cabang2,Telur,4/20/2025 23:13,49,0
RWT0282,Cabang4,Fillet Ikan Dori,5/31/2025 22:42,0,33
RWT0283,Cabang1,Brokoli,6/21/2025 12:06,0,50
RWT0284,Cabang2,Minyak,11/12/2024 7:02,0,32
RWT0285,Cabang2,Fillet Ikan Dori,4/15/2025 9:30,50,0
RWT0286,Cabang1,Daun Selada,8/27/2025 15:24,6,0
RWT0287,Cabang1,Beras Merah,9/17/2025 14:07,0,1
RWT0288,Pusat,Dada Ayam Fillet,12/3/2024 22:29,0,36
RWT0289,Pusat,Oatmeal,3/23/2025 1:30,38,0
RWT0290,Cabang1,Minyak,11/25/2024 20:51,3,0
RWT0291,Cabang3,Telur,5/15/2025 1:24,0,25
RWT0292,Pusat,Minyak,10/18/2024 4:14,0,16
RWT0293,Cabang1,Daun Selada,6/8/2025 6:03,43,0
RWT0294,Cabang2,Telur,7/8/2025 19:32,0,50
RWT0295,Cabang4,Beras Merah,4/21/2025 12:29,0,43
RWT0296,Cabang2,Wortel,12/8/2024 16:18,0,39
RWT0297,Cabang3,Oatmeal,7/5/2025 23:08,0,10
RWT0298,Pusat,Fillet Ikan Dori,11/28/2024 2:02,0,24
RWT0299,Cabang4,Brokoli,1/9/2025 22:55,9,0
RWT0300,Cabang3,Wortel,10/11/2025 12:20,50,0
RWT0301,Cabang2,Telur,5/10/2025 21:07,45,0
RWT0302,Pusat,Dada Ayam Fillet,12/8/2024 16:31,15,0
RWT0303,Cabang4,Daun Selada,12/16/2024 8:04,0,2
RWT0304,Cabang2,Minyak,7/10/2025 9:01,0,36
RWT0305,Cabang4,Brokoli,12/2/2024 15:35,38,0
RWT0306,Cabang2,Brokoli,3/10/2025 16:25,0,7
RWT0307,Cabang1,Alpukat,9/27/2025 6:51,28,0
RWT0308,Cabang3,Beras Merah,8/11/2025 13:02,0,47
RWT0309,Pusat,Fillet Ikan Dori,10/27/2024 15:46,0,9
RWT0310,Cabang4,Beras Merah,5/4/2025 3:59,0,38
RWT0311,Cabang2,Beras Merah,5/29/2025 0:39,25,0
RWT0312,Cabang1,Wortel,5/5/2025 11:05,0,36
RWT0313,Cabang4,Minyak,6/15/2025 22:57,0,34
RWT0314,Pusat,Minyak,7/13/2025 14:31,0,7
RWT0315,Cabang4,Fillet Ikan Dori,2/26/2025 5:09,0,50
RWT0316,Cabang1,Alpukat,10/20/2024 3:34,0,30
RWT0317,Cabang3,Wortel,8/10/2025 6:18,0,48
RWT0318,Pusat,Wortel,5/15/2025 5:32,0,50
RWT0319,Cabang3,Telur,12/10/2024 5:15,0,49
RWT0320,Cabang3,Fillet Ikan Dori,11/4/2024 0:08,0,11
RWT0321,Cabang4,Fillet Ikan Dori,5/10/2025 0:35,20,0
RWT0322,Cabang2,Minyak,3/7/2025 11:59,0,31
RWT0323,Cabang1,Oatmeal,9/11/2025 23:01,0,34
RWT0324,Cabang1,Beras Merah,3/12/2025 9:32,0,37
RWT0325,Cabang3,Minyak,9/19/2025 10:05,0,19
RWT0326,Cabang1,Daun Selada,6/22/2025 4:10,0,25
RWT0327,Cabang2,Daun Selada,1/7/2025 3:15,45,0
RWT0328,Cabang2,Minyak,5/12/2025 3:08,0,17
RWT0329,Cabang4,Beras Merah,7/28/2025 3:20,50,0
RWT0330,Cabang2,Beras Merah,3/30/2025 8:30,39,0
RWT0331,Pusat,Beras Merah,2/27/2025 5:16,0,10
RWT0332,Cabang1,Dada Ayam Fillet,7/27/2025 16:25,0,34
RWT0333,Cabang2,Minyak,6/18/2025 10:35,0,43
RWT0334,Cabang1,Dada Ayam Fillet,9/1/2025 15:57,20,0
RWT0335,Cabang3,Fillet Ikan Dori,4/18/2025 8:50,31,0
RWT0336,Cabang2,Dada Ayam Fillet,12/8/2024 19:29,0,43
RWT0337,Pusat,Brokoli,8/16/2025 7:59,37,0
RWT0338,Pusat,Daun Selada,6/4/2025 11:24,0,18
RWT0339,Cabang1,Fillet Ikan Dori,5/30/2025 13:04,0,13
RWT0340,Cabang4,Daun Selada,10/20/2024 11:04,0,34
RWT0341,Cabang1,Fillet Ikan Dori,5/18/2025 19:50,43,0
RWT0342,Pusat,Dada Ayam Fillet,10/22/2024 1:56,0,23
RWT0343,Cabang4,Telur,2/2/2025 3:45,0,33
RWT0344,Cabang3,Fillet Ikan Dori,4/17/2025 5:27,0,40
RWT0345,Cabang1,Minyak,1/10/2025 15:00,0,7
RWT0346,Cabang4,Dada Ayam Fillet,3/18/2025 6:51,0,32
RWT0347,Cabang3,Dada Ayam Fillet,3/11/2025 21:40,0,19
RWT0348,Cabang1,Wortel,3/30/2025 21:17,0,18
RWT0349,Cabang1,Minyak,8/6/2025 14:02,0,15
RWT0350,Cabang3,Dada Ayam Fillet,6/18/2025 14:57,0,3
RWT0351,Cabang2,Brokoli,10/11/2025 16:39,39,0
RWT0352,Cabang4,Alpukat,12/25/2024 19:37,0,16
RWT0353,Cabang4,Daun Selada,5/17/2025 4:07,42,0
RWT0354,Pusat,Minyak,9/28/2025 0:51,0,24
RWT0355,Cabang2,Beras Merah,3/18/2025 0:44,0,18
RWT0356,Cabang1,Daun Selada,4/22/2025 21:51,0,12
RWT0357,Cabang3,Alpukat,3/31/2025 17:55,0,25
RWT0358,Cabang2,Minyak,7/14/2025 18:43,0,30
RWT0359,Pusat,Alpukat,12/21/2024 3:56,44,0
RWT0360,Cabang3,Alpukat,5/30/2025 0:36,38,0
RWT0361,Cabang1,Alpukat,4/23/2025 1:09,19,0
RWT0362,Cabang2,Oatmeal,8/13/2025 5:13,0,46
RWT0363,Cabang3,Wortel,7/24/2025 21:07,0,48
RWT0364,Pusat,Alpukat,3/5/2025 6:23,16,0
RWT0365,Cabang1,Minyak,7/6/2025 13:27,0,13
RWT0366,Cabang4,Alpukat,2/4/2025 20:58,49,0
RWT0367,Cabang1,Wortel,1/27/2025 2:55,0,5
RWT0368,Cabang1,Alpukat,9/29/2025 0:28,0,41
RWT0369,Cabang3,Wortel,3/16/2025 17:28,0,39
RWT0370,Cabang2,Wortel,1/13/2025 4:45,0,1
RWT0371,Cabang1,Wortel,7/31/2025 0:04,0,43
RWT0372,Cabang3,Brokoli,6/14/2025 13:42,0,11
RWT0373,Cabang2,Minyak,1/9/2025 11:07,17,0
RWT0374,Pusat,Wortel,3/3/2025 10:48,0,16
RWT0375,Cabang1,Oatmeal,1/24/2025 16:55,0,1
RWT0376,Cabang1,Daun Selada,3/17/2025 15:21,0,5
RWT0377,Cabang4,Wortel,3/4/2025 2:56,0,33
RWT0378,Cabang3,Daun Selada,12/18/2024 16:17,38,0
RWT0379,Cabang3,Oatmeal,4/30/2025 7:05,2,0
RWT0380,Cabang2,Wortel,7/5/2025 14:08,0,1
RWT0381,Cabang3,Telur,10/11/2025 17:59,0,4
RWT0382,Pusat,Brokoli,9/21/2025 3:43,0,34
RWT0383,Cabang3,Fillet Ikan Dori,2/22/2025 17:52,41,0
RWT0384,Pusat,Daun Selada,3/30/2025 19:19,7,0
RWT0385,Cabang3,Dada Ayam Fillet,1/2/2025 15:49,0,34
RWT0386,Pusat,Dada Ayam Fillet,10/7/2025 9:48,9,0
RWT0387,Cabang1,Telur,5/26/2025 3:46,0,9
RWT0388,Cabang4,Telur,9/19/2025 15:03,50,0
RWT0389,Cabang4,Fillet Ikan Dori,8/8/2025 3:29,0,47
RWT0390,Pusat,Oatmeal,12/22/2024 2:24,0,39
RWT0391,Cabang4,Dada Ayam Fillet,3/20/2025 11:22,11,0
RWT0392,Cabang1,Alpukat,2/3/2025 9:01,0,6
RWT0393,Cabang3,Wortel,8/24/2025 22:07,6,0
RWT0394,Pusat,Alpukat,3/21/2025 3:25,0,15
RWT0395,Cabang2,Telur,6/1/2025 15:58,0,25
RWT0396,Cabang3,Wortel,3/18/2025 12:26,16,0
RWT0397,Pusat,Alpukat,5/24/2025 22:36,0,18
RWT0398,Cabang1,Wortel,7/1/2025 8:29,0,33
RWT0399,Cabang1,Minyak,4/16/2025 23:34,49,0
RWT0400,Cabang1,Minyak,6/9/2025 12:44,0,43
RWT0401,Cabang1,Daun Selada,6/7/2025 14:48,30,0
RWT0402,Cabang2,Minyak,1/24/2025 16:30,0,47
RWT0403,Cabang3,Telur,2/27/2025 16:46,0,9
RWT0404,Cabang2,Telur,8/28/2025 21:39,0,35
RWT0405,Cabang3,Telur,1/23/2025 7:18,3,0
RWT0406,Cabang4,Wortel,7/2/2025 12:47,0,45
RWT0407,Cabang1,Telur,4/14/2025 17:43,48,0
RWT0408,Cabang2,Fillet Ikan Dori,1/31/2025 8:39,36,0
RWT0409,Cabang2,Alpukat,12/30/2024 13:24,0,49
RWT0410,Cabang1,Wortel,11/26/2024 13:53,0,30
RWT0411,Pusat,Oatmeal,6/3/2025 17:54,0,47
RWT0412,Cabang1,Minyak,12/31/2024 3:50,6,0
RWT0413,Pusat,Minyak,6/26/2025 12:17,0,28
RWT0414,Pusat,Wortel,5/16/2025 13:36,20,0
RWT0415,Pusat,Beras Merah,3/30/2025 15:11,0,3
RWT0416,Pusat,Dada Ayam Fillet,7/10/2025 15:04,0,13
RWT0417,Cabang1,Telur,1/18/2025 5:15,0,46
RWT0418,Cabang3,Daun Selada,9/17/2025 16:05,0,43
RWT0419,Pusat,Brokoli,10/17/2024 8:14,0,27
RWT0420,Cabang2,Dada Ayam Fillet,6/21/2025 15:39,0,50
RWT0421,Cabang1,Alpukat,8/21/2025 21:34,20,0
RWT0422,Cabang1,Wortel,11/25/2024 18:49,33,0
RWT0423,Cabang4,Minyak,11/19/2024 14:27,28,0
RWT0424,Pusat,Minyak,9/15/2025 3:25,32,0
RWT0425,Cabang3,Daun Selada,4/26/2025 3:14,0,27
RWT0426,Pusat,Beras Merah,2/26/2025 9:03,0,42
RWT0427,Cabang2,Oatmeal,3/7/2025 0:45,0,22
RWT0428,Cabang4,Wortel,8/24/2025 21:06,0,24
RWT0429,Cabang1,Alpukat,8/23/2025 3:17,5,0
RWT0430,Cabang4,Fillet Ikan Dori,2/19/2025 6:07,30,0
RWT0431,Cabang1,Fillet Ikan Dori,3/20/2025 13:03,0,38
RWT0432,Pusat,Wortel,6/26/2025 16:28,31,0
RWT0433,Cabang1,Fillet Ikan Dori,8/3/2025 7:02,0,50
RWT0434,Cabang4,Oatmeal,9/14/2025 0:35,0,49
RWT0435,Cabang2,Telur,9/25/2025 7:35,0,32
RWT0436,Cabang3,Brokoli,6/11/2025 9:35,32,0
RWT0437,Cabang3,Telur,8/16/2025 13:28,0,38
RWT0438,Pusat,Wortel,6/26/2025 9:40,0,6
RWT0439,Cabang2,Beras Merah,5/19/2025 16:52,34,0
RWT0440,Pusat,Beras Merah,4/18/2025 12:04,0,24
RWT0441,Cabang1,Wortel,7/22/2025 8:04,0,20
RWT0442,Cabang1,Dada Ayam Fillet,9/6/2025 22:10,7,0
RWT0443,Cabang2,Minyak,4/22/2025 14:39,1,0
RWT0444,Cabang4,Fillet Ikan Dori,11/26/2024 7:14,0,32
RWT0445,Cabang2,Telur,5/1/2025 0:56,0,26
RWT0446,Cabang1,Wortel,12/20/2024 2:54,0,15
RWT0447,Cabang3,Oatmeal,2/3/2025 7:22,0,50
RWT0448,Cabang1,Dada Ayam Fillet,11/22/2024 22:46,0,4
RWT0449,Cabang2,Dada Ayam Fillet,6/13/2025 22:18,44,0
RWT0450,Cabang3,Telur,3/12/2025 1:48,29,0
RWT0451,Cabang2,Daun Selada,10/14/2024 7:10,0,23
RWT0452,Cabang1,Brokoli,5/7/2025 3:25,25,0
RWT0453,Cabang2,Wortel,1/30/2025 13:07,0,25
RWT0454,Cabang4,Dada Ayam Fillet,4/16/2025 12:06,22,0
RWT0455,Cabang2,Telur,2/21/2025 10:08,19,0
RWT0456,Cabang2,Alpukat,2/1/2025 14:11,0,37
RWT0457,Cabang3,Telur,3/30/2025 22:02,0,45
RWT0458,Cabang2,Wortel,5/29/2025 20:30,0,14
RWT0459,Cabang3,Fillet Ikan Dori,3/2/2025 19:23,34,0
RWT0460,Cabang4,Brokoli,10/7/2025 15:08,0,43
RWT0461,Cabang4,Fillet Ikan Dori,1/6/2025 22:37,0,28
RWT0462,Cabang2,Brokoli,2/27/2025 16:16,38,0
RWT0463,Cabang2,Dada Ayam Fillet,8/23/2025 5:54,31,0
RWT0464,Cabang4,Daun Selada,6/26/2025 5:52,0,25
RWT0465,Pusat,Telur,8/5/2025 22:22,20,0
RWT0466,Cabang1,Brokoli,2/17/2025 13:31,0,39
RWT0467,Cabang4,Fillet Ikan Dori,6/9/2025 23:22,0,39
RWT0468,Cabang3,Telur,12/11/2024 23:45,31,0
RWT0469,Cabang1,Alpukat,3/21/2025 1:57,0,18
RWT0470,Pusat,Dada Ayam Fillet,5/27/2025 7:57,0,6
RWT0471,Cabang2,Daun Selada,4/20/2025 15:30,10,0
RWT0472,Cabang1,Wortel,2/11/2025 1:06,34,0
RWT0473,Cabang1,Daun Selada,10/20/2024 18:31,0,44
RWT0474,Pusat,Oatmeal,6/17/2025 13:14,0,34
RWT0475,Pusat,Brokoli,9/22/2025 3:01,1,0
RWT0476,Cabang3,Daun Selada,12/15/2024 13:05,0,5
RWT0477,Cabang3,Wortel,3/3/2025 1:52,0,27
RWT0478,Cabang1,Brokoli,12/8/2024 2:14,21,0
RWT0479,Cabang1,Dada Ayam Fillet,6/5/2025 0:46,19,0
RWT0480,Cabang1,Daun Selada,3/15/2025 6:19,0,9
RWT0481,Cabang2,Wortel,2/20/2025 0:41,49,0
RWT0482,Cabang3,Dada Ayam Fillet,8/14/2025 15:23,0,32
RWT0483,Cabang1,Alpukat,12/3/2024 3:48,0,34
RWT0484,Cabang3,Minyak,4/27/2025 13:48,0,25
RWT0485,Cabang4,Dada Ayam Fillet,3/19/2025 16:33,0,4
RWT0486,Pusat,Alpukat,4/26/2025 3:45,2,0
RWT0487,Cabang2,Wortel,9/3/2025 9:22,4,0
RWT0488,Cabang3,Telur,10/19/2024 21:23,0,27
RWT0489,Pusat,Fillet Ikan Dori,8/20/2025 7:53,45,0
RWT0490,Cabang4,Wortel,4/27/2025 7:52,4,0
RWT0491,Cabang3,Wortel,8/7/2025 3:24,43,0
RWT0492,Cabang1,Brokoli,6/7/2025 10:30,0,19
RWT0493,Cabang4,Wortel,9/16/2025 10:36,3,0
RWT0494,Cabang3,Minyak,2/17/2025 21:14,0,11
RWT0495,Cabang4,Telur,5/23/2025 9:59,0,40
RWT0496,Cabang1,Oatmeal,11/8/2024 23:10,27,0
RWT0497,Cabang4,Telur,3/27/2025 6:51,0,22
RWT0498,Cabang4,Fillet Ikan Dori,8/1/2025 14:36,0,10
RWT0499,Cabang3,Oatmeal,6/20/2025 21:13,0,30
RWT0500,Pusat,Brokoli,2/18/2025 15:08,0,22
RWT0501,Cabang3,Telur,2/20/2025 0:38,7,0
RWT0502,Cabang4,Telur,10/15/2024 22:02,0,48
RWT0503,Pusat,Telur,11/18/2024 9:38,0,22
RWT0504,Cabang1,Minyak,4/3/2025 12:42,24,0
RWT0505,Cabang4,Minyak,5/26/2025 23:55,0,21
RWT0506,Cabang3,Alpukat,5/13/2025 18:46,0,36
RWT0507,Cabang2,Minyak,3/4/2025 15:54,26,0
RWT0508,Cabang1,Alpukat,1/13/2025 8:08,0,41
RWT0509,Cabang1,Minyak,4/10/2025 18:58,25,0
RWT0510,Pusat,Minyak,1/9/2025 16:32,0,40
RWT0511,Pusat,Beras Merah,8/21/2025 15:56,0,29
RWT0512,Pusat,Telur,9/20/2025 23:51,0,16
RWT0513,Cabang4,Oatmeal,5/12/2025 0:54,0,18
RWT0514,Pusat,Daun Selada,10/10/2025 12:08,9,0
RWT0515,Cabang1,Alpukat,10/26/2024 16:15,0,17
RWT0516,Cabang4,Oatmeal,4/10/2025 8:48,0,22
RWT0517,Cabang1,Minyak,8/14/2025 18:44,1,0
RWT0518,Cabang3,Dada Ayam Fillet,8/3/2025 5:06,0,14
RWT0519,Cabang4,Dada Ayam Fillet,10/30/2024 16:46,0,15
RWT0520,Cabang1,Beras Merah,3/23/2025 14:28,0,25
RWT0521,Cabang2,Beras Merah,1/30/2025 21:55,2,0
RWT0522,Cabang4,Wortel,1/11/2025 23:16,0,29
RWT0523,Cabang2,Oatmeal,8/22/2025 12:47,0,44
RWT0524,Cabang4,Oatmeal,9/16/2025 13:27,0,39
RWT0525,Pusat,Telur,5/24/2025 10:00,0,36
RWT0526,Cabang1,Beras Merah,8/8/2025 10:43,46,0
RWT0527,Cabang4,Wortel,8/7/2025 9:22,32,0
RWT0528,Cabang1,Beras Merah,3/17/2025 11:06,0,18
RWT0529,Pusat,Brokoli,7/26/2025 10:57,8,0
RWT0530,Pusat,Dada Ayam Fillet,12/14/2024 2:13,0,35
RWT0531,Cabang3,Daun Selada,11/21/2024 18:33,0,18
RWT0532,Pusat,Oatmeal,12/8/2024 0:42,0,41
RWT0533,Cabang1,Wortel,6/25/2025 11:17,49,0
RWT0534,Cabang1,Beras Merah,3/8/2025 21:13,41,0
RWT0535,Cabang4,Daun Selada,4/27/2025 17:24,0,14
RWT0536,Cabang2,Wortel,6/20/2025 19:03,0,42
RWT0537,Pusat,Oatmeal,9/18/2025 2:42,21,0
RWT0538,Cabang1,Alpukat,3/10/2025 10:53,0,46
RWT0539,Cabang3,Alpukat,5/20/2025 6:24,0,43
RWT0540,Pusat,Daun Selada,2/27/2025 13:43,0,32
RWT0541,Cabang1,Brokoli,12/27/2024 12:25,0,27
RWT0542,Cabang4,Wortel,9/25/2025 22:04,0,9
RWT0543,Pusat,Telur,11/7/2024 9:35,26,0
RWT0544,Cabang1,Fillet Ikan Dori,11/6/2024 6:38,40,0
RWT0545,Cabang4,Minyak,9/1/2025 10:51,0,12
RWT0546,Cabang4,Beras Merah,4/2/2025 22:05,8,0
RWT0547,Cabang2,Beras Merah,1/9/2025 4:33,0,10
RWT0548,Cabang2,Dada Ayam Fillet,3/3/2025 7:03,33,0
RWT0549,Cabang1,Dada Ayam Fillet,5/7/2025 20:32,0,4
RWT0550,Cabang4,Brokoli,12/17/2024 23:37,35,0
RWT0551,Cabang4,Wortel,5/27/2025 13:59,0,19
RWT0552,Cabang2,Beras Merah,9/2/2025 13:31,46,0
RWT0553,Cabang2,Brokoli,8/6/2025 16:56,0,25
RWT0554,Cabang2,Oatmeal,5/1/2025 13:04,0,13
RWT0555,Cabang2,Wortel,11/14/2024 8:18,6,0
RWT0556,Cabang4,Oatmeal,3/28/2025 10:18,0,7
RWT0557,Cabang3,Daun Selada,11/28/2024 4:15,0,45
RWT0558,Cabang1,Oatmeal,7/21/2025 14:13,0,49
RWT0559,Cabang2,Wortel,2/9/2025 11:51,0,10
RWT0560,Cabang2,Brokoli,4/27/2025 4:53,0,1
RWT0561,Cabang1,Dada Ayam Fillet,4/4/2025 9:19,0,2
RWT0562,Pusat,Brokoli,4/14/2025 5:38,0,29
RWT0563,Cabang4,Fillet Ikan Dori,6/30/2025 18:53,0,29
RWT0564,Cabang2,Telur,5/31/2025 22:21,0,19
RWT0565,Cabang1,Daun Selada,5/25/2025 1:25,0,48
RWT0566,Cabang4,Alpukat,5/18/2025 10:00,0,17
RWT0567,Cabang3,Wortel,2/10/2025 8:27,14,0
RWT0568,Cabang2,Beras Merah,10/1/2025 2:44,0,5
RWT0569,Cabang2,Fillet Ikan Dori,3/7/2025 5:07,20,0
RWT0570,Pusat,Alpukat,10/12/2024 20:07,0,39
RWT0571,Cabang3,Minyak,3/31/2025 14:48,0,22
RWT0572,Pusat,Telur,2/9/2025 7:33,4,0
RWT0573,Pusat,Daun Selada,4/18/2025 3:21,9,0
RWT0574,Cabang1,Dada Ayam Fillet,3/17/2025 21:31,0,30
RWT0575,Cabang3,Oatmeal,10/19/2024 0:53,0,47
RWT0576,Pusat,Dada Ayam Fillet,6/21/2025 18:03,32,0
RWT0577,Cabang4,Fillet Ikan Dori,6/16/2025 21:15,28,0
RWT0578,Cabang4,Alpukat,5/14/2025 16:33,0,44
RWT0579,Pusat,Dada Ayam Fillet,7/10/2025 8:36,0,18
RWT0580,Cabang1,Dada Ayam Fillet,3/20/2025 19:33,3,0
RWT0581,Cabang4,Alpukat,4/1/2025 19:01,7,0
RWT0582,Pusat,Oatmeal,12/21/2024 16:26,0,14
RWT0583,Pusat,Beras Merah,2/21/2025 23:40,5,0
RWT0584,Cabang3,Oatmeal,8/8/2025 22:46,22,0
RWT0585,Pusat,Brokoli,11/14/2024 17:58,0,39
RWT0586,Cabang4,Minyak,11/28/2024 6:21,0,16
RWT0587,Pusat,Dada Ayam Fillet,1/3/2025 1:43,41,0
RWT0588,Cabang3,Oatmeal,8/21/2025 18:27,0,28
RWT0589,Cabang1,Minyak,7/9/2025 4:52,15,0
RWT0590,Cabang1,Wortel,5/10/2025 15:13,0,46
RWT0591,Cabang2,Alpukat,3/6/2025 18:19,0,48
RWT0592,Cabang1,Dada Ayam Fillet,1/14/2025 1:03,6,0
RWT0593,Cabang3,Wortel,7/1/2025 21:30,0,24
RWT0594,Cabang1,Beras Merah,12/30/2024 3:05,27,0
RWT0595,Pusat,Beras Merah,1/26/2025 18:42,23,0
RWT0596,Cabang4,Beras Merah,8/21/2025 8:26,0,20
RWT0597,Pusat,Dada Ayam Fillet,4/17/2025 11:41,20,0
RWT0598,Cabang2,Beras Merah,1/14/2025 14:21,0,3
RWT0599,Pusat,Oatmeal,2/28/2025 12:08,45,0
RWT0600,Cabang1,Alpukat,5/11/2025 14:36,0,32
RWT0601,Cabang4,Oatmeal,9/29/2025 20:56,0,3
RWT0602,Cabang1,Beras Merah,9/13/2025 22:33,0,25
RWT0603,Cabang1,Beras Merah,4/13/2025 2:07,7,0
RWT0604,Cabang1,Telur,5/9/2025 18:12,0,20
RWT0605,Cabang4,Fillet Ikan Dori,3/13/2025 3:31,10,0
RWT0606,Cabang1,Alpukat,7/5/2025 7:03,0,24
RWT0607,Cabang4,Beras Merah,11/21/2024 5:05,8,0
RWT0608,Cabang4,Wortel,10/30/2024 8:27,50,0
RWT0609,Pusat,Alpukat,11/23/2024 1:10,0,41
RWT0610,Cabang1,Telur,2/2/2025 16:49,0,5
RWT0611,Pusat,Daun Selada,10/12/2024 9:15,0,40
RWT0612,Cabang4,Brokoli,8/21/2025 2:32,0,47
RWT0613,Cabang4,Brokoli,5/14/2025 2:33,0,22
RWT0614,Cabang3,Dada Ayam Fillet,7/10/2025 11:48,0,45
RWT0615,Cabang4,Oatmeal,12/16/2024 2:52,0,11
RWT0616,Cabang3,Dada Ayam Fillet,9/25/2025 23:56,0,32
RWT0617,Cabang4,Dada Ayam Fillet,7/13/2025 7:27,0,24
RWT0618,Cabang4,Telur,9/24/2025 10:43,0,22
RWT0619,Cabang2,Minyak,10/24/2024 11:37,28,0
RWT0620,Cabang1,Minyak,7/30/2025 4:48,33,0
RWT0621,Cabang2,Fillet Ikan Dori,1/24/2025 15:35,23,0
RWT0622,Cabang4,Daun Selada,12/26/2024 13:13,0,2
RWT0623,Pusat,Daun Selada,8/17/2025 10:25,6,0
RWT0624,Cabang1,Alpukat,12/10/2024 22:26,0,40
RWT0625,Cabang1,Dada Ayam Fillet,9/10/2025 18:55,0,47
RWT0626,Pusat,Telur,1/9/2025 8:17,20,0
RWT0627,Pusat,Alpukat,1/19/2025 13:28,0,38
RWT0628,Cabang2,Telur,7/31/2025 2:38,0,39
RWT0629,Cabang3,Fillet Ikan Dori,11/7/2024 9:42,0,22
RWT0630,Cabang4,Wortel,3/19/2025 4:00,16,0
RWT0631,Cabang1,Brokoli,7/27/2025 4:59,3,0
RWT0632,Cabang4,Daun Selada,11/6/2024 15:27,0,44
RWT0633,Cabang2,Beras Merah,11/14/2024 20:25,24,0
RWT0634,Pusat,Telur,11/17/2024 13:33,20,0
RWT0635,Cabang1,Dada Ayam Fillet,7/8/2025 17:26,0,20
RWT0636,Cabang4,Wortel,12/30/2024 22:21,0,41
RWT0637,Cabang3,Minyak,6/7/2025 19:32,0,10
RWT0638,Cabang4,Dada Ayam Fillet,7/29/2025 11:34,9,0
RWT0639,Pusat,Oatmeal,7/30/2025 6:18,31,0
RWT0640,Cabang4,Daun Selada,2/3/2025 1:48,0,29
RWT0641,Cabang2,Wortel,5/25/2025 11:27,0,40
RWT0642,Cabang1,Telur,4/7/2025 11:05,0,19
RWT0643,Cabang3,Wortel,3/24/2025 10:47,0,8
RWT0644,Cabang4,Oatmeal,10/1/2025 6:31,40,0
RWT0645,Cabang1,Telur,3/10/2025 21:48,0,38
RWT0646,Cabang4,Minyak,1/30/2025 1:36,34,0
RWT0647,Pusat,Wortel,9/19/2025 7:38,19,0
RWT0648,Cabang2,Daun Selada,2/16/2025 4:53,23,0
RWT0649,Cabang1,Alpukat,12/20/2024 8:09,38,0
RWT0650,Cabang3,Wortel,1/30/2025 2:06,0,12
RWT0651,Cabang3,Telur,7/1/2025 6:32,33,0
RWT0652,Cabang1,Telur,8/17/2025 16:04,0,32
RWT0653,Cabang2,Fillet Ikan Dori,11/28/2024 16:33,32,0
RWT0654,Cabang2,Fillet Ikan Dori,2/12/2025 10:13,0,31
RWT0655,Cabang3,Fillet Ikan Dori,10/10/2025 3:40,0,45
RWT0656,Cabang2,Brokoli,2/14/2025 7:14,0,8
RWT0657,Cabang3,Minyak,1/22/2025 23:11,0,23
RWT0658,Cabang1,Brokoli,9/3/2025 17:51,0,35
RWT0659,Cabang1,Wortel,7/24/2025 16:48,38,0
RWT0660,Cabang3,Fillet Ikan Dori,2/4/2025 17:00,2,0
RWT0661,Cabang4,Wortel,7/23/2025 18:19,0,8
RWT0662,Pusat,Daun Selada,1/13/2025 12:16,48,0
RWT0663,Pusat,Alpukat,10/15/2024 9:17,29,0
RWT0664,Pusat,Minyak,8/4/2025 10:41,0,8
RWT0665,Cabang3,Wortel,10/11/2025 6:52,12,0
RWT0666,Cabang3,Brokoli,1/13/2025 10:31,0,17
RWT0667,Cabang3,Brokoli,8/12/2025 2:09,0,50
RWT0668,Cabang1,Beras Merah,5/2/2025 21:36,0,30
RWT0669,Cabang2,Minyak,6/29/2025 2:01,28,0
RWT0670,Cabang4,Minyak,8/15/2025 22:38,0,14
RWT0671,Cabang1,Brokoli,9/30/2025 22:35,21,0
RWT0672,Cabang4,Minyak,1/18/2025 19:54,0,9
RWT0673,Cabang2,Beras Merah,5/15/2025 20:14,0,42
RWT0674,Cabang4,Brokoli,2/3/2025 12:41,0,50
RWT0675,Cabang1,Oatmeal,6/20/2025 8:16,0,4
RWT0676,Pusat,Brokoli,2/6/2025 10:53,21,0
RWT0677,Cabang4,Brokoli,1/11/2025 14:17,0,41
RWT0678,Cabang4,Beras Merah,5/24/2025 14:35,0,18
RWT0679,Cabang2,Alpukat,2/3/2025 4:25,0,2
RWT0680,Cabang3,Dada Ayam Fillet,3/13/2025 18:33,0,5
RWT0681,Cabang4,Brokoli,12/20/2024 4:27,48,0
RWT0682,Pusat,Wortel,9/10/2025 13:34,47,0
RWT0683,Pusat,Wortel,1/28/2025 23:36,0,21
RWT0684,Cabang4,Daun Selada,11/5/2024 5:10,0,31
RWT0685,Cabang2,Minyak,9/12/2025 13:45,0,46
RWT0686,Cabang2,Daun Selada,8/30/2025 1:09,0,25
RWT0687,Cabang1,Beras Merah,9/2/2025 16:45,0,47
RWT0688,Cabang2,Wortel,7/14/2025 4:10,0,8
RWT0689,Cabang2,Wortel,6/19/2025 16:25,0,8
RWT0690,Cabang1,Alpukat,5/1/2025 20:18,0,4
RWT0691,Cabang2,Fillet Ikan Dori,6/8/2025 1:17,46,0
RWT0692,Cabang2,Dada Ayam Fillet,10/20/2024 18:58,6,0
RWT0693,Pusat,Daun Selada,5/3/2025 17:02,0,7
RWT0694,Cabang3,Wortel,1/2/2025 12:18,45,0
RWT0695,Cabang2,Beras Merah,3/30/2025 19:34,0,5
RWT0696,Pusat,Fillet Ikan Dori,4/12/2025 21:28,0,13
RWT0697,Cabang3,Telur,9/13/2025 3:01,22,0
RWT0698,Cabang1,Minyak,12/20/2024 1:50,0,44
RWT0699,Cabang1,Daun Selada,1/31/2025 2:51,0,6
RWT0700,Cabang2,Dada Ayam Fillet,5/14/2025 21:08,0,50
RWT0701,Cabang2,Dada Ayam Fillet,12/6/2024 0:02,0,23
RWT0702,Pusat,Alpukat,12/26/2024 15:37,0,16
RWT0703,Cabang1,Dada Ayam Fillet,9/28/2025 2:15,0,5
RWT0704,Cabang3,Brokoli,7/26/2025 2:48,0,2
RWT0705,Cabang1,Telur,7/22/2025 3:23,0,3
RWT0706,Cabang3,Oatmeal,6/15/2025 17:03,0,30
RWT0707,Cabang2,Alpukat,12/25/2024 16:20,0,44
RWT0708,Cabang4,Alpukat,7/1/2025 20:42,41,0
RWT0709,Cabang1,Brokoli,12/5/2024 13:39,49,0
RWT0710,Cabang3,Minyak,7/7/2025 3:55,26,0
RWT0711,Pusat,Brokoli,5/6/2025 11:16,0,49
RWT0712,Cabang2,Telur,10/4/2025 7:12,0,10
RWT0713,Cabang3,Wortel,10/28/2024 9:49,35,0
RWT0714,Cabang4,Daun Selada,7/26/2025 0:53,20,0
RWT0715,Cabang4,Beras Merah,4/15/2025 18:41,0,13
RWT0716,Cabang3,Fillet Ikan Dori,9/8/2025 17:32,0,6
RWT0717,Cabang4,Wortel,8/6/2025 16:36,0,3
RWT0718,Cabang1,Daun Selada,5/6/2025 9:47,0,18
RWT0719,Cabang2,Oatmeal,4/20/2025 2:53,0,33
RWT0720,Cabang3,Dada Ayam Fillet,6/8/2025 13:02,34,0
RWT0721,Pusat,Beras Merah,6/6/2025 2:32,19,0
RWT0722,Cabang3,Beras Merah,4/2/2025 2:42,0,18
RWT0723,Cabang3,Minyak,8/18/2025 9:15,49,0
RWT0724,Cabang3,Fillet Ikan Dori,12/21/2024 21:39,0,3
RWT0725,Cabang4,Oatmeal,1/14/2025 21:01,42,0
RWT0726,Cabang3,Minyak,5/16/2025 9:13,0,20
RWT0727,Cabang2,Alpukat,2/10/2025 5:16,0,40
RWT0728,Cabang1,Brokoli,3/4/2025 11:06,0,4
RWT0729,Cabang3,Fillet Ikan Dori,4/5/2025 16:24,0,11
RWT0730,Cabang1,Minyak,10/26/2024 7:21,2,0
RWT0731,Cabang2,Alpukat,11/18/2024 0:42,12,0
RWT0732,Cabang1,Daun Selada,9/23/2025 17:00,0,35
RWT0733,Cabang3,Daun Selada,3/2/2025 19:49,0,25
RWT0734,Cabang3,Fillet Ikan Dori,6/27/2025 5:10,0,21
RWT0735,Cabang3,Brokoli,10/4/2025 4:27,0,13
RWT0736,Cabang4,Brokoli,5/22/2025 15:27,10,0
RWT0737,Cabang4,Wortel,9/17/2025 16:47,36,0
RWT0738,Cabang2,Daun Selada,7/17/2025 23:32,0,6
RWT0739,Cabang4,Beras Merah,4/8/2025 1:17,4,0
RWT0740,Cabang4,Alpukat,5/21/2025 13:18,0,47
RWT0741,Cabang4,Fillet Ikan Dori,12/7/2024 2:53,0,44
RWT0742,Cabang3,Telur,2/27/2025 16:58,0,37
RWT0743,Pusat,Daun Selada,1/8/2025 14:46,26,0
RWT0744,Pusat,Fillet Ikan Dori,11/11/2024 6:08,32,0
RWT0745,Pusat,Fillet Ikan Dori,5/22/2025 14:23,42,0
RWT0746,Cabang2,Fillet Ikan Dori,11/5/2024 10:58,36,0
RWT0747,Cabang3,Dada Ayam Fillet,4/25/2025 4:12,3,0
RWT0748,Cabang4,Minyak,5/16/2025 6:55,0,21
RWT0749,Cabang1,Dada Ayam Fillet,12/25/2024 13:05,35,0
RWT0750,Cabang1,Beras Merah,4/14/2025 1:02,0,18
RWT0751,Cabang1,Wortel,1/27/2025 9:34,0,31
RWT0752,Cabang2,Daun Selada,3/17/2025 21:17,19,0
RWT0753,Pusat,Minyak,5/1/2025 16:03,25,0
RWT0754,Cabang2,Wortel,12/5/2024 17:36,14,0
RWT0755,Cabang3,Minyak,5/9/2025 7:28,47,0
RWT0756,Cabang3,Beras Merah,2/19/2025 12:01,35,0
RWT0757,Cabang4,Minyak,6/15/2025 22:55,24,0
RWT0758,Cabang3,Wortel,2/15/2025 2:54,0,11
RWT0759,Cabang3,Alpukat,11/27/2024 16:57,43,0
RWT0760,Cabang4,Dada Ayam Fillet,9/28/2025 2:28,23,0
RWT0761,Cabang2,Fillet Ikan Dori,11/7/2024 7:41,0,16
RWT0762,Cabang3,Fillet Ikan Dori,6/24/2025 19:54,0,48
RWT0763,Cabang2,Oatmeal,6/8/2025 16:14,7,0
RWT0764,Cabang2,Telur,11/2/2024 10:56,0,48
RWT0765,Cabang3,Alpukat,11/18/2024 11:48,0,32
RWT0766,Cabang1,Alpukat,3/26/2025 21:45,0,24
RWT0767,Cabang2,Minyak,4/3/2025 10:05,30,0
RWT0768,Cabang3,Beras Merah,5/11/2025 8:12,0,38
RWT0769,Cabang1,Alpukat,3/16/2025 21:58,0,17
RWT0770,Pusat,Alpukat,8/9/2025 16:43,48,0
RWT0771,Cabang1,Alpukat,5/30/2025 20:01,33,0
RWT0772,Cabang1,Dada Ayam Fillet,9/10/2025 22:32,0,26
RWT0773,Cabang3,Wortel,12/22/2024 22:28,41,0
RWT0774,Cabang3,Brokoli,9/25/2025 1:00,0,17
RWT0775,Pusat,Dada Ayam Fillet,6/12/2025 5:25,13,0
RWT0776,Cabang4,Oatmeal,5/9/2025 17:26,0,26
RWT0777,Pusat,Brokoli,7/9/2025 17:42,0,47
RWT0778,Cabang1,Alpukat,8/1/2025 7:07,22,0
RWT0779,Cabang1,Alpukat,1/5/2025 8:49,49,0
RWT0780,Cabang2,Fillet Ikan Dori,5/20/2025 0:22,0,28
RWT0781,Cabang4,Oatmeal,9/20/2025 2:30,0,48
RWT0782,Cabang2,Brokoli,2/5/2025 21:52,0,45
RWT0783,Cabang4,Brokoli,8/1/2025 21:56,0,3
RWT0784,Pusat,Fillet Ikan Dori,3/27/2025 7:37,16,0
RWT0785,Cabang4,Brokoli,9/22/2025 2:45,32,0
RWT0786,Pusat,Oatmeal,3/8/2025 3:41,0,48
RWT0787,Cabang1,Beras Merah,2/5/2025 16:01,0,2
RWT0788,Pusat,Daun Selada,3/9/2025 8:09,0,40
RWT0789,Cabang1,Wortel,11/6/2024 11:14,0,40
RWT0790,Cabang1,Minyak,8/31/2025 19:18,0,24
RWT0791,Cabang2,Brokoli,6/20/2025 11:32,0,49
RWT0792,Cabang4,Alpukat,6/11/2025 17:13,14,0
RWT0793,Cabang3,Dada Ayam Fillet,3/14/2025 13:39,0,25
RWT0794,Cabang3,Minyak,8/7/2025 19:09,0,11
RWT0795,Cabang1,Telur,5/24/2025 2:36,7,0
RWT0796,Cabang1,Minyak,12/6/2024 15:51,15,0
RWT0797,Cabang3,Oatmeal,10/18/2024 20:46,45,0
RWT0798,Cabang2,Wortel,10/17/2024 19:25,43,0
RWT0799,Cabang3,Daun Selada,6/24/2025 19:39,0,13
RWT0800,Cabang2,Dada Ayam Fillet,11/13/2024 22:23,0,29
RWT0801,Cabang3,Dada Ayam Fillet,4/10/2025 5:25,0,47
RWT0802,Cabang1,Minyak,2/7/2025 13:59,36,0
RWT0803,Cabang2,Fillet Ikan Dori,7/7/2025 6:42,0,6
RWT0804,Cabang3,Fillet Ikan Dori,10/29/2024 22:53,0,6
RWT0805,Cabang4,Dada Ayam Fillet,8/13/2025 13:04,18,0
RWT0806,Cabang1,Brokoli,5/24/2025 15:45,0,41
RWT0807,Cabang2,Dada Ayam Fillet,7/3/2025 12:27,7,0
RWT0808,Cabang2,Oatmeal,4/19/2025 20:07,0,10
RWT0809,Pusat,Beras Merah,2/10/2025 12:46,0,50
RWT0810,Cabang1,Daun Selada,11/23/2024 19:49,0,1
RWT0811,Cabang3,Minyak,8/29/2025 1:57,0,20
RWT0812,Pusat,Wortel,11/11/2024 21:17,5,0
RWT0813,Pusat,Dada Ayam Fillet,8/25/2025 23:53,49,0
RWT0814,Cabang4,Telur,4/22/2025 23:13,33,0
RWT0815,Cabang2,Daun Selada,4/5/2025 12:15,0,32
RWT0816,Cabang3,Beras Merah,10/24/2024 15:06,0,7
RWT0817,Cabang2,Brokoli,8/9/2025 21:55,0,24
RWT0818,Cabang3,Brokoli,9/16/2025 11:00,0,37
RWT0819,Cabang3,Telur,10/7/2025 5:22,0,5
RWT0820,Cabang3,Oatmeal,10/2/2025 19:31,17,0
RWT0821,Cabang1,Wortel,3/30/2025 6:56,0,38
RWT0822,Cabang4,Telur,10/17/2024 0:47,11,0
RWT0823,Cabang3,Beras Merah,4/24/2025 3:36,48,0
RWT0824,Cabang1,Wortel,1/23/2025 13:21,27,0
RWT0825,Cabang1,Minyak,9/22/2025 1:20,16,0
RWT0826,Cabang2,Alpukat,6/3/2025 2:26,3,0
RWT0827,Cabang2,Telur,1/18/2025 7:30,0,1
RWT0828,Cabang3,Brokoli,7/26/2025 11:36,0,46
RWT0829,Cabang2,Alpukat,8/30/2025 5:08,1,0
RWT0830,Cabang2,Daun Selada,4/6/2025 12:22,13,0
RWT0831,Pusat,Dada Ayam Fillet,11/9/2024 22:10,23,0
RWT0832,Cabang3,Fillet Ikan Dori,2/22/2025 15:32,0,27
RWT0833,Cabang1,Oatmeal,10/6/2025 3:47,0,36
RWT0834,Cabang2,Minyak,3/5/2025 7:25,26,0
RWT0835,Cabang3,Alpukat,1/27/2025 10:52,18,0
RWT0836,Cabang3,Minyak,2/9/2025 10:50,45,0
RWT0837,Cabang3,Beras Merah,1/9/2025 9:10,0,18
RWT0838,Cabang3,Brokoli,10/5/2025 7:53,37,0
RWT0839,Cabang1,Beras Merah,5/25/2025 0:24,23,0
RWT0840,Cabang3,Brokoli,10/24/2024 10:22,0,18
RWT0841,Cabang3,Telur,3/11/2025 12:07,0,12
RWT0842,Cabang3,Beras Merah,12/7/2024 12:28,0,8
RWT0843,Cabang1,Fillet Ikan Dori,1/9/2025 19:16,40,0
RWT0844,Cabang3,Fillet Ikan Dori,11/20/2024 4:00,6,0
RWT0845,Pusat,Telur,7/18/2025 7:58,41,0
RWT0846,Pusat,Daun Selada,7/18/2025 17:19,0,28
RWT0847,Cabang3,Beras Merah,6/21/2025 1:04,20,0
RWT0848,Pusat,Brokoli,9/29/2025 9:05,2,0
RWT0849,Cabang4,Brokoli,1/1/2025 0:37,0,29
RWT0850,Cabang3,Minyak,11/23/2024 8:30,0,39
RWT0851,Cabang3,Beras Merah,1/28/2025 16:19,0,3
RWT0852,Cabang1,Daun Selada,4/29/2025 7:31,46,0
RWT0853,Cabang4,Oatmeal,1/4/2025 21:17,19,0
RWT0854,Cabang3,Telur,1/9/2025 19:47,0,14
RWT0855,Cabang3,Daun Selada,5/17/2025 5:24,0,22
RWT0856,Cabang4,Brokoli,3/11/2025 20:34,0,42
RWT0857,Cabang2,Brokoli,10/13/2024 20:09,0,41
RWT0858,Pusat,Brokoli,11/5/2024 18:41,0,30
RWT0859,Pusat,Dada Ayam Fillet,1/4/2025 0:37,0,13
RWT0860,Cabang4,Brokoli,2/9/2025 8:26,39,0
RWT0861,Cabang3,Minyak,8/1/2025 5:02,0,30
RWT0862,Pusat,Brokoli,1/3/2025 13:25,10,0
RWT0863,Cabang3,Minyak,10/4/2025 13:00,0,17
RWT0864,Cabang4,Daun Selada,12/1/2024 7:44,0,6
RWT0865,Pusat,Beras Merah,11/6/2024 17:35,0,33
RWT0866,Cabang1,Minyak,11/29/2024 5:42,0,10
RWT0867,Cabang3,Oatmeal,10/21/2024 11:57,0,46
RWT0868,Pusat,Daun Selada,7/18/2025 8:04,0,10
RWT0869,Cabang2,Minyak,4/24/2025 14:50,42,0
RWT0870,Cabang3,Daun Selada,11/24/2024 18:47,0,36
RWT0871,Cabang4,Daun Selada,8/19/2025 21:02,0,21
RWT0872,Cabang1,Beras Merah,8/28/2025 0:07,13,0
RWT0873,Cabang4,Daun Selada,12/29/2024 4:06,0,2
RWT0874,Cabang1,Oatmeal,3/24/2025 23:55,0,9
RWT0875,Cabang4,Dada Ayam Fillet,9/5/2025 13:50,0,31
RWT0876,Cabang2,Telur,8/15/2025 17:27,0,3
RWT0877,Cabang4,Alpukat,3/8/2025 6:01,0,49
RWT0878,Pusat,Daun Selada,10/2/2025 1:24,0,11
RWT0879,Cabang4,Oatmeal,6/30/2025 15:03,0,37
RWT0880,Pusat,Wortel,2/18/2025 18:57,0,34
RWT0881,Cabang1,Fillet Ikan Dori,11/14/2024 12:06,27,0
RWT0882,Cabang1,Telur,6/11/2025 19:45,44,0
RWT0883,Cabang3,Daun Selada,6/13/2025 23:10,0,42
RWT0884,Cabang4,Oatmeal,9/17/2025 11:28,49,0
RWT0885,Cabang4,Oatmeal,8/3/2025 13:58,29,0
RWT0886,Pusat,Minyak,12/12/2024 5:39,11,0
RWT0887,Pusat,Fillet Ikan Dori,4/2/2025 21:43,28,0
RWT0888,Cabang4,Dada Ayam Fillet,7/30/2025 0:14,0,46
RWT0889,Cabang2,Daun Selada,6/29/2025 10:35,1,0
RWT0890,Pusat,Dada Ayam Fillet,3/24/2025 4:06,24,0
RWT0891,Cabang3,Fillet Ikan Dori,4/10/2025 1:45,0,23
RWT0892,Cabang1,Wortel,9/26/2025 21:51,8,0
RWT0893,Cabang2,Brokoli,4/11/2025 21:14,3,0
RWT0894,Cabang3,Brokoli,4/8/2025 21:13,42,0
RWT0895,Cabang1,Minyak,9/30/2025 14:49,7,0
RWT0896,Pusat,Dada Ayam Fillet,12/5/2024 11:56,0,4
RWT0897,Cabang3,Beras Merah,1/30/2025 11:33,0,10
RWT0898,Cabang3,Wortel,1/28/2025 4:30,3,0
RWT0899,Cabang2,Beras Merah,8/10/2025 4:13,4,0
RWT0900,Cabang3,Oatmeal,9/6/2025 8:03,0,34
RWT0901,Cabang2,Fillet Ikan Dori,1/24/2025 13:56,20,0
RWT0902,Cabang3,Alpukat,7/27/2025 21:38,0,36
RWT0903,Cabang4,Dada Ayam Fillet,3/29/2025 4:14,13,0
RWT0904,Cabang2,Minyak,11/5/2024 17:26,5,0
RWT0905,Cabang1,Dada Ayam Fillet,9/17/2025 6:09,0,4
RWT0906,Cabang3,Beras Merah,3/10/2025 0:25,48,0
RWT0907,Cabang1,Fillet Ikan Dori,2/13/2025 6:56,21,0
RWT0908,Cabang3,Wortel,10/24/2024 13:12,0,1
RWT0909,Cabang1,Brokoli,7/17/2025 9:26,0,49
RWT0910,Cabang4,Brokoli,10/22/2024 14:56,0,34
RWT0911,Cabang3,Oatmeal,5/4/2025 22:51,4,0
RWT0912,Cabang2,Oatmeal,6/21/2025 5:26,0,16
RWT0913,Pusat,Alpukat,11/18/2024 12:25,0,27
RWT0914,Cabang2,Oatmeal,10/5/2025 15:32,22,0
RWT0915,Pusat,Brokoli,10/11/2025 7:43,0,34
RWT0916,Cabang4,Oatmeal,9/12/2025 13:21,0,32
RWT0917,Pusat,Fillet Ikan Dori,9/17/2025 0:21,0,6
RWT0918,Pusat,Dada Ayam Fillet,12/25/2024 2:32,19,0
RWT0919,Cabang3,Brokoli,6/9/2025 7:15,39,0
RWT0920,Cabang2,Fillet Ikan Dori,2/10/2025 2:17,34,0
RWT0921,Cabang3,Beras Merah,10/4/2025 0:34,0,16
RWT0922,Cabang4,Brokoli,11/16/2024 17:07,0,39
RWT0923,Pusat,Oatmeal,2/14/2025 6:58,0,16
RWT0924,Cabang4,Fillet Ikan Dori,9/4/2025 20:57,0,13
RWT0925,Pusat,Telur,9/9/2025 21:06,0,41
RWT0926,Cabang4,Oatmeal,12/15/2024 19:44,30,0
RWT0927,Cabang3,Brokoli,1/25/2025 18:52,0,44
RWT0928,Cabang2,Oatmeal,3/24/2025 16:45,31,0
RWT0929,Cabang3,Wortel,12/16/2024 23:48,24,0
RWT0930,Cabang4,Alpukat,5/30/2025 22:36,19,0
RWT0931,Cabang1,Beras Merah,2/18/2025 0:39,0,46
RWT0932,Cabang4,Beras Merah,12/21/2024 6:21,0,45
RWT0933,Cabang3,Dada Ayam Fillet,2/7/2025 11:01,0,29
RWT0934,Cabang3,Daun Selada,11/24/2024 6:40,0,13
RWT0935,Cabang1,Wortel,10/25/2024 14:35,0,13
RWT0936,Cabang3,Oatmeal,11/20/2024 11:06,44,0
RWT0937,Cabang1,Beras Merah,5/20/2025 3:42,44,0
RWT0938,Cabang4,Wortel,3/7/2025 20:38,17,0
RWT0939,Cabang2,Dada Ayam Fillet,5/26/2025 4:56,46,0
RWT0940,Cabang2,Dada Ayam Fillet,5/23/2025 5:11,2,0
RWT0941,Pusat,Dada Ayam Fillet,1/24/2025 21:32,0,14
RWT0942,Cabang2,Minyak,10/9/2025 0:26,0,29
RWT0943,Cabang2,Daun Selada,6/1/2025 3:28,2,0
RWT0944,Cabang3,Beras Merah,10/9/2025 13:58,0,3
RWT0945,Pusat,Daun Selada,1/26/2025 6:28,0,4
RWT0946,Cabang1,Telur,8/11/2025 5:25,14,0
RWT0947,Pusat,Alpukat,4/7/2025 0:58,38,0
RWT0948,Pusat,Beras Merah,3/15/2025 5:43,0,6
RWT0949,Cabang2,Telur,11/8/2024 8:10,0,7
RWT0950,Cabang1,Fillet Ikan Dori,7/10/2025 2:33,0,44
RWT0951,Cabang2,Oatmeal,9/27/2025 23:14,41,0
RWT0952,Cabang1,Fillet Ikan Dori,3/5/2025 17:56,0,32
RWT0953,Pusat,Daun Selada,7/7/2025 22:40,0,44
RWT0954,Cabang1,Daun Selada,7/13/2025 5:12,2,0
RWT0955,Cabang4,Minyak,8/1/2025 9:31,0,7
RWT0956,Cabang2,Daun Selada,9/21/2025 4:52,0,15
RWT0957,Cabang3,Fillet Ikan Dori,9/2/2025 23:35,0,11
RWT0958,Cabang3,Brokoli,7/12/2025 4:35,0,11
RWT0959,Cabang1,Daun Selada,1/2/2025 3:25,0,44
RWT0960,Cabang2,Beras Merah,5/4/2025 9:05,0,24
RWT0961,Cabang3,Minyak,5/7/2025 15:32,46,0
RWT0962,Cabang4,Wortel,2/3/2025 23:24,27,0
RWT0963,Cabang1,Beras Merah,4/24/2025 11:58,8,0
RWT0964,Cabang3,Alpukat,11/2/2024 10:48,0,50
RWT0965,Pusat,Beras Merah,9/4/2025 4:02,0,12
RWT0966,Cabang4,Telur,3/12/2025 0:56,0,44
RWT0967,Cabang4,Minyak,10/22/2024 15:59,30,0
RWT0968,Pusat,Minyak,8/10/2025 0:39,0,2
RWT0969,Cabang1,Brokoli,8/10/2025 22:53,0,7
RWT0970,Cabang3,Alpukat,9/1/2025 8:55,0,38
RWT0971,Cabang4,Brokoli,4/1/2025 4:33,0,22
RWT0972,Cabang2,Telur,12/18/2024 21:50,3,0
RWT0973,Cabang2,Daun Selada,11/12/2024 3:10,9,0
RWT0974,Pusat,Daun Selada,5/22/2025 22:41,33,0
RWT0975,Cabang2,Alpukat,9/18/2025 8:52,0,16
RWT0976,Cabang1,Daun Selada,6/9/2025 1:47,6,0
RWT0977,Cabang3,Daun Selada,1/28/2025 15:03,0,29
RWT0978,Cabang3,Dada Ayam Fillet,3/25/2025 2:59,4,0
RWT0979,Cabang4,Wortel,1/3/2025 18:09,0,44
RWT0980,Cabang3,Brokoli,9/20/2025 23:53,0,12
RWT0981,Cabang2,Daun Selada,8/9/2025 20:52,0,16
RWT0982,Cabang3,Daun Selada,10/15/2024 15:31,0,4
RWT0983,Cabang3,Daun Selada,4/27/2025 19:24,0,23
RWT0984,Cabang1,Daun Selada,10/2/2025 14:28,37,0
RWT0985,Cabang2,Dada Ayam Fillet,9/22/2025 6:13,38,0
RWT0986,Cabang3,Brokoli,3/25/2025 17:46,29,0
RWT0987,Cabang4,Brokoli,9/25/2025 20:45,0,22
RWT0988,Cabang4,Daun Selada,1/23/2025 6:48,0,17
RWT0989,Cabang4,Fillet Ikan Dori,6/19/2025 14:21,0,24
RWT0990,Pusat,Beras Merah,2/25/2025 9:34,0,13
RWT0991,Cabang4,Brokoli,1/3/2025 18:55,7,0
RWT0992,Cabang2,Dada Ayam Fillet,9/22/2025 5:25,41,0
RWT0993,Cabang1,Alpukat,1/23/2025 14:25,0,5
RWT0994,Cabang4,Dada Ayam Fillet,7/13/2025 6:23,16,0
RWT0995,Cabang3,Fillet Ikan Dori,12/7/2024 4:49,0,33
RWT0996,Pusat,Daun Selada,12/26/2024 23:51,25,0
RWT0997,Cabang1,Fillet Ikan Dori,7/9/2025 19:57,46,0
RWT0998,Cabang3,Daun Selada,5/29/2025 2:00,11,0
RWT0999,Cabang2,Brokoli,11/4/2024 11:14,0,9
RWT1000,Cabang1,Telur,2/25/2025 9:00,9,0
