id,namaCabang,namaBahan,tanggal,jmlhMasuk,jmlhKeluar
RWS0001,Cabang1,Brokoli,2025-02-06 18:28:50,0,15
RWS0002,Cabang1,Daun Selada,2025-09-07 12:17:35,43,0
RWS0003,Cabang4,Alpukat,2024-11-10 17:03:18,14,0
RWS0004,Cabang3,Oatmeal,2025-09-15 20:15:23,0,28
RWS0005,Cabang3,Fillet Ikan Dori,2025-06-28 23:53:35,0,3
RWS0006,Cabang2,Telur,2025-04-29 22:18:52,0,21
RWS0007,Cabang3,Fillet Ikan Dori,2025-05-27 01:16:20,0,45
RWS0008,Cabang2,Daun Selada,2024-11-02 19:12:44,0,22
RWS0009,Cabang2,Daun Selada,2025-08-27 18:38:23,40,0
RWS0010,Cabang4,Beras Merah,2025-08-26 15:22:15,0,20
RWS0011,Cabang1,Daun Selada,2025-08-21 10:38:57,0,6
RWS0012,Cabang4,Fillet Ikan Dori,2024-12-09 21:32:07,17,0
RWS0013,Cabang4,Wortel,2025-08-15 13:06:49,25,0
RWS0014,Cabang4,Telur,2024-10-12 10:29:12,0,42
RWS0015,Cabang4,Brokoli,2024-10-20 16:19:40,19,0
RWS0016,Cabang1,Brokoli,2025-02-10 00:04:54,0,42
RWS0017,Cabang4,Dada Ayam Fillet,2025-10-03 21:29:58,15,0
RWS0018,Cabang2,Oatmeal,2025-06-25 16:42:25,0,7
RWS0019,Cabang1,Minyak,2024-11-29 20:11:21,0,12
RWS0020,Cabang1,Wortel,2025-04-06 20:35:03,0,32
RWS0021,Cabang3,Minyak,2025-01-17 15:04:15,0,21
RWS0022,Pusat,Brokoli,2025-08-08 20:27:20,0,32
RWS0023,Cabang2,Telur,2025-01-25 22:40:53,0,41
RWS0024,Cabang2,Alpukat,2025-03-07 09:55:06,36,0
RWS0025,Cabang3,Oatmeal,2025-01-20 08:12:07,0,50
RWS0026,Cabang1,Daun Selada,2025-04-21 14:06:31,41,0
RWS0027,Pusat,Beras Merah,2025-01-25 04:48:07,0,42
RWS0028,Pusat,Brokoli,2024-10-24 19:58:32,47,0
RWS0029,Cabang1,Minyak,2025-02-14 19:34:41,0,2
RWS0030,Cabang1,Telur,2025-10-05 08:22:02,24,0
RWS0031,Cabang1,Dada Ayam Fillet,2025-10-02 04:37:58,0,15
RWS0032,Cabang3,Daun Selada,2025-04-19 05:08:18,0,27
RWS0033,Pusat,Telur,2025-03-23 02:24:56,0,20
RWS0034,Cabang1,Wortel,2025-02-04 13:53:45,38,0
RWS0035,Cabang4,Fillet Ikan Dori,2025-05-01 21:45:28,0,35
RWS0036,Cabang2,Oatmeal,2025-07-01 14:50:49,34,0
RWS0037,Cabang4,Fillet Ikan Dori,2025-08-30 06:36:59,0,35
RWS0038,Cabang3,Daun Selada,2024-10-29 14:10:55,24,0
RWS0039,Cabang4,Minyak,2025-04-30 08:48:30,13,0
RWS0040,Cabang2,Daun Selada,2025-01-06 17:41:28,10,0
RWS0041,Cabang4,Telur,2025-06-29 00:14:18,0,11
RWS0042,Cabang1,Beras Merah,2024-12-06 21:36:17,25,0
RWS0043,Cabang1,Wortel,2025-09-06 06:28:31,0,14
RWS0044,Cabang2,Wortel,2025-07-06 17:43:35,34,0
RWS0045,Cabang3,Oatmeal,2024-11-05 05:30:52,0,24
RWS0046,Cabang3,Telur,2025-05-28 22:41:33,0,21
RWS0047,Cabang1,Telur,2025-08-06 01:34:11,0,28
RWS0048,Cabang4,Wortel,2025-04-26 03:37:14,26,0
RWS0049,Cabang4,Minyak,2025-04-19 10:15:33,0,13
RWS0050,Cabang3,Fillet Ikan Dori,2024-10-16 09:12:55,0,41
RWS0051,Cabang2,Oatmeal,2025-08-30 15:19:51,0,4
RWS0052,Cabang3,Daun Selada,2025-02-10 21:18:00,18,0
RWS0053,Cabang3,Telur,2025-08-11 04:34:49,0,32
RWS0054,Cabang2,Alpukat,2025-03-12 15:00:27,0,39
RWS0055,Pusat,Minyak,2025-01-28 05:44:23,0,11
RWS0056,Cabang1,Minyak,2025-05-29 18:22:14,23,0
RWS0057,Cabang3,Beras Merah,2025-10-06 08:47:46,36,0
RWS0058,Pusat,Dada Ayam Fillet,2025-02-13 12:29:51,0,10
RWS0059,Cabang4,Beras Merah,2025-09-14 02:07:43,0,36
RWS0060,Cabang2,Oatmeal,2025-07-18 21:28:56,0,26
RWS0061,Cabang1,Wortel,2025-10-09 13:29:48,10,0
RWS0062,Cabang3,Dada Ayam Fillet,2025-02-26 03:30:25,0,40
RWS0063,Cabang1,Brokoli,2025-05-23 22:15:07,30,0
RWS0064,Pusat,Brokoli,2024-11-14 18:49:17,0,24
RWS0065,Cabang4,Wortel,2024-10-13 10:29:30,0,32
RWS0066,Pusat,Brokoli,2025-05-03 12:09:38,1,0
RWS0067,Cabang1,Minyak,2024-11-01 11:44:47,46,0
RWS0068,Cabang1,Dada Ayam Fillet,2025-05-17 12:15:02,35,0
RWS0069,Cabang2,Wortel,2024-11-10 15:30:29,0,42
RWS0070,Pusat,Beras Merah,2025-04-26 02:26:14,8,0
RWS0071,Cabang4,Wortel,2025-03-18 16:28:32,7,0
RWS0072,Cabang3,Dada Ayam Fillet,2025-01-17 01:48:53,0,39
RWS0073,Cabang2,Alpukat,2025-03-25 20:41:15,34,0
RWS0074,Cabang2,Beras Merah,2024-12-13 12:08:30,33,0
RWS0075,Pusat,Dada Ayam Fillet,2025-05-31 15:31:45,0,12
RWS0076,Pusat,Brokoli,2025-03-19 19:21:48,45,0
RWS0077,Cabang2,Dada Ayam Fillet,2025-10-03 10:16:55,43,0
RWS0078,Cabang2,Fillet Ikan Dori,2024-11-27 14:24:46,3,0
RWS0079,Cabang3,Fillet Ikan Dori,2025-05-22 14:24:24,0,15
RWS0080,Cabang3,Wortel,2024-12-29 15:30:36,0,47
RWS0081,Cabang1,Dada Ayam Fillet,2025-03-16 12:18:07,8,0
RWS0082,Cabang2,Dada Ayam Fillet,2024-11-19 00:59:17,0,10
RWS0083,Cabang4,Beras Merah,2024-12-07 13:43:35,0,4
RWS0084,Cabang2,Telur,2025-08-10 07:36:02,0,13
RWS0085,Cabang3,Beras Merah,2025-09-05 09:45:16,0,38
RWS0086,Pusat,Minyak,2025-04-08 01:41:03,0,26
RWS0087,Cabang1,Daun Selada,2025-08-31 07:19:22,3,0
RWS0088,Cabang2,Beras Merah,2025-07-18 22:30:19,10,0
RWS0089,Cabang1,Wortel,2025-02-21 14:07:24,0,20
RWS0090,Cabang3,Minyak,2025-01-07 00:05:47,0,5
RWS0091,Pusat,Wortel,2024-12-12 19:13:10,0,39
RWS0092,Cabang2,Brokoli,2024-10-22 04:50:40,0,49
RWS0093,Cabang3,Fillet Ikan Dori,2025-08-26 05:01:59,22,0
RWS0094,Cabang3,Oatmeal,2025-08-26 23:35:37,0,38
RWS0095,Cabang1,Minyak,2025-05-02 14:17:48,0,8
RWS0096,Cabang3,Alpukat,2025-06-02 19:06:05,32,0
RWS0097,Pusat,Alpukat,2024-11-25 06:31:42,25,0
RWS0098,Cabang1,Alpukat,2025-01-13 02:11:52,0,3
RWS0099,Cabang1,Alpukat,2025-10-01 04:39:58,0,26
RWS0100,Cabang2,Dada Ayam Fillet,2025-07-29 02:50:06,0,36
RWS0101,Cabang4,Wortel,2025-03-19 20:26:25,0,47
RWS0102,Cabang2,Beras Merah,2024-10-24 11:44:51,0,44
RWS0103,Cabang2,Fillet Ikan Dori,2024-12-05 12:17:30,37,0
RWS0104,Cabang1,Dada Ayam Fillet,2025-07-26 18:02:48,0,36
RWS0105,Cabang4,Brokoli,2025-02-04 16:18:39,46,0
RWS0106,Pusat,Fillet Ikan Dori,2024-10-16 09:08:00,0,46
RWS0107,Cabang2,Wortel,2024-10-18 01:37:09,0,27
RWS0108,Cabang2,Minyak,2025-03-02 00:34:26,0,41
RWS0109,Cabang2,Alpukat,2025-08-21 12:53:18,0,50
RWS0110,Cabang2,Beras Merah,2025-01-01 20:19:06,10,0
RWS0111,Cabang3,Beras Merah,2025-02-20 14:31:34,0,12
RWS0112,Pusat,Alpukat,2024-12-01 23:32:16,35,0
RWS0113,Pusat,Minyak,2025-04-19 03:06:34,8,0
RWS0114,Pusat,Dada Ayam Fillet,2024-12-12 17:25:15,0,4
RWS0115,Cabang2,Alpukat,2025-07-25 23:04:25,28,0
RWS0116,Cabang1,Telur,2024-12-31 12:03:46,0,1
RWS0117,Cabang4,Alpukat,2025-08-06 02:00:56,9,0
RWS0118,Cabang3,Brokoli,2025-09-12 17:57:34,45,0
RWS0119,Cabang4,Telur,2024-11-27 05:07:20,0,45
RWS0120,Cabang2,Oatmeal,2025-05-28 13:50:59,0,29
RWS0121,Cabang3,Wortel,2025-06-01 07:01:40,0,27
RWS0122,Cabang1,Fillet Ikan Dori,2024-12-14 01:38:17,35,0
RWS0123,Cabang3,Wortel,2025-08-01 13:51:13,35,0
RWS0124,Cabang4,Wortel,2025-04-20 06:24:41,8,0
RWS0125,Pusat,Fillet Ikan Dori,2025-06-12 04:47:48,17,0
RWS0126,Cabang1,Wortel,2024-12-01 03:48:45,34,0
RWS0127,Cabang1,Brokoli,2025-03-30 21:43:49,0,43
RWS0128,Cabang4,Telur,2025-09-27 23:39:15,0,25
RWS0129,Pusat,Dada Ayam Fillet,2025-08-23 03:44:13,4,0
RWS0130,Pusat,Dada Ayam Fillet,2025-06-21 05:21:14,0,2
RWS0131,Pusat,Alpukat,2025-01-04 04:08:54,0,25
RWS0132,Cabang3,Brokoli,2024-11-09 03:56:16,0,40
RWS0133,Cabang2,Brokoli,2025-09-15 02:09:07,0,8
RWS0134,Cabang4,Fillet Ikan Dori,2025-09-07 22:13:57,0,25
RWS0135,Cabang2,Dada Ayam Fillet,2025-08-26 19:07:18,0,20
RWS0136,Cabang4,Dada Ayam Fillet,2025-01-01 06:27:09,0,20
RWS0137,Pusat,Minyak,2024-12-11 12:13:48,12,0
RWS0138,Cabang4,Fillet Ikan Dori,2025-06-09 01:20:03,5,0
RWS0139,Cabang1,Oatmeal,2025-09-05 22:13:46,0,48
RWS0140,Cabang2,Daun Selada,2025-03-08 04:25:29,24,0
RWS0141,Cabang1,Telur,2025-05-13 15:17:50,0,19
RWS0142,Cabang4,Dada Ayam Fillet,2025-09-19 05:10:20,0,8
RWS0143,Cabang1,Brokoli,2025-06-29 01:03:47,0,48
RWS0144,Pusat,Alpukat,2025-05-07 02:59:42,0,42
RWS0145,Cabang2,Fillet Ikan Dori,2025-05-14 16:02:46,0,38
RWS0146,Cabang4,Telur,2024-10-21 02:43:42,0,41
RWS0147,Cabang4,Fillet Ikan Dori,2025-03-08 02:17:07,14,0
RWS0148,Cabang4,Telur,2025-10-06 05:01:05,0,37
RWS0149,Cabang3,Minyak,2025-05-17 08:21:24,0,46
RWS0150,Pusat,Alpukat,2024-11-13 13:59:57,0,25
RWS0151,Cabang1,Beras Merah,2025-02-10 03:27:06,0,24
RWS0152,Cabang3,Daun Selada,2025-10-01 10:01:15,0,30
RWS0153,Cabang4,Alpukat,2025-01-12 11:35:59,0,37
RWS0154,Cabang3,Oatmeal,2024-11-05 05:16:32,0,37
RWS0155,Pusat,Telur,2025-06-27 22:03:10,0,26
RWS0156,Cabang3,Minyak,2025-03-22 17:28:23,0,34
RWS0157,Cabang4,Oatmeal,2025-02-28 12:26:07,0,4
RWS0158,Cabang2,Daun Selada,2025-05-11 15:41:39,32,0
RWS0159,Cabang2,Alpukat,2025-02-14 08:17:32,0,43
RWS0160,Cabang3,Wortel,2025-03-30 03:01:16,0,38
RWS0161,Cabang3,Dada Ayam Fillet,2025-01-05 08:02:19,36,0
RWS0162,Cabang4,Oatmeal,2025-04-27 01:57:49,22,0
RWS0163,Cabang4,Wortel,2024-12-14 19:00:39,0,7
RWS0164,Cabang2,Dada Ayam Fillet,2025-09-09 22:12:45,27,0
RWS0165,Cabang3,Alpukat,2025-08-24 08:42:21,4,0
RWS0166,Cabang2,Alpukat,2025-07-11 22:54:31,0,47
RWS0167,Pusat,Wortel,2024-10-31 11:15:52,0,9
RWS0168,Cabang2,Dada Ayam Fillet,2025-07-20 15:24:21,0,20
RWS0169,Cabang3,Daun Selada,2025-08-31 01:39:59,0,50
RWS0170,Cabang1,Wortel,2025-06-23 02:53:19,0,48
RWS0171,Cabang3,Oatmeal,2025-02-06 02:51:36,45,0
RWS0172,Cabang4,Beras Merah,2024-11-16 04:25:18,0,35
RWS0173,Cabang3,Beras Merah,2024-12-30 22:57:11,0,49
RWS0174,Cabang1,Telur,2024-12-22 15:02:35,40,0
RWS0175,Cabang3,Oatmeal,2025-01-28 06:58:56,0,46
RWS0176,Cabang1,Alpukat,2024-10-25 14:16:03,0,24
RWS0177,Cabang3,Oatmeal,2025-03-19 01:59:27,0,30
RWS0178,Cabang4,Fillet Ikan Dori,2025-05-12 20:06:55,0,1
RWS0179,Cabang1,Minyak,2025-09-11 13:44:27,0,12
RWS0180,Cabang1,Dada Ayam Fillet,2024-10-14 17:08:57,26,0
RWS0181,Cabang4,Wortel,2025-07-13 16:02:00,0,17
RWS0182,Cabang3,Brokoli,2025-04-26 22:25:24,17,0
RWS0183,Pusat,Telur,2025-07-04 14:21:13,0,37
RWS0184,Pusat,Daun Selada,2025-06-08 08:13:53,0,34
RWS0185,Cabang2,Alpukat,2025-03-31 11:09:43,0,19
RWS0186,Cabang1,Oatmeal,2025-09-19 15:25:14,0,13
RWS0187,Pusat,Telur,2025-07-14 07:41:58,0,30
RWS0188,Cabang1,Alpukat,2025-02-26 03:01:28,0,48
RWS0189,Cabang3,Minyak,2025-04-09 16:14:18,0,49
RWS0190,Cabang2,Dada Ayam Fillet,2025-07-11 04:16:23,0,29
RWS0191,Cabang3,Fillet Ikan Dori,2025-01-04 19:08:30,5,0
RWS0192,Cabang4,Oatmeal,2025-05-29 10:59:24,0,38
RWS0193,Cabang3,Minyak,2024-11-13 23:27:54,0,40
RWS0194,Cabang2,Minyak,2025-07-06 04:56:45,0,26
RWS0195,Pusat,Beras Merah,2025-10-01 21:43:09,0,44
RWS0196,Pusat,Brokoli,2025-09-29 02:46:53,0,37
RWS0197,Cabang3,Daun Selada,2025-07-27 13:07:53,0,22
RWS0198,Cabang2,Daun Selada,2025-09-18 12:41:05,0,47
RWS0199,Cabang4,Oatmeal,2025-01-15 12:18:41,44,0
RWS0200,Cabang4,Minyak,2025-07-31 07:52:44,10,0
RWS0201,Cabang1,Brokoli,2025-02-10 09:45:07,0,44
RWS0202,Cabang2,Beras Merah,2025-06-23 02:51:18,4,0
RWS0203,Pusat,Oatmeal,2025-09-16 03:23:25,0,25
RWS0204,Cabang4,Dada Ayam Fillet,2025-08-04 03:09:59,35,0
RWS0205,Cabang4,Daun Selada,2025-09-15 16:23:25,0,45
RWS0206,Cabang1,Beras Merah,2024-11-25 22:51:59,34,0
RWS0207,Cabang1,Dada Ayam Fillet,2025-08-23 16:21:38,10,0
RWS0208,Cabang4,Telur,2025-06-12 04:17:27,23,0
RWS0209,Cabang2,Wortel,2025-06-09 04:16:00,0,26
RWS0210,Cabang3,Wortel,2024-11-22 17:22:37,0,12
RWS0211,Cabang1,Telur,2025-04-26 07:35:14,42,0
RWS0212,Cabang2,Dada Ayam Fillet,2025-07-05 17:45:58,0,19
RWS0213,Cabang2,Wortel,2025-06-02 07:45:04,1,0
RWS0214,Cabang3,Dada Ayam Fillet,2025-04-13 03:03:02,50,0
RWS0215,Cabang2,Brokoli,2024-11-13 17:59:08,0,34
RWS0216,Cabang4,Brokoli,2024-11-12 09:32:36,1,0
RWS0217,Cabang1,Wortel,2025-03-24 09:29:26,0,33
RWS0218,Cabang1,Beras Merah,2024-10-30 22:17:48,49,0
RWS0219,Cabang1,Fillet Ikan Dori,2024-10-30 14:34:57,36,0
RWS0220,Pusat,Telur,2025-07-18 16:43:07,0,49
RWS0221,Cabang4,Fillet Ikan Dori,2025-06-16 05:23:54,0,10
RWS0222,Cabang2,Daun Selada,2025-05-20 11:23:49,6,0
RWS0223,Cabang4,Telur,2025-04-12 18:47:56,0,10
RWS0224,Cabang1,Fillet Ikan Dori,2025-09-15 18:41:54,22,0
RWS0225,Cabang1,Oatmeal,2025-01-21 17:20:40,0,39
RWS0226,Cabang1,Oatmeal,2025-06-14 00:11:08,0,48
RWS0227,Cabang2,Beras Merah,2025-09-25 22:19:58,0,34
RWS0228,Cabang2,Daun Selada,2024-11-19 02:55:35,9,0
RWS0229,Cabang3,Beras Merah,2025-07-17 02:44:09,2,0
RWS0230,Pusat,Dada Ayam Fillet,2025-09-15 17:24:46,0,15
RWS0231,Cabang4,Minyak,2025-03-21 21:59:26,0,6
RWS0232,Cabang4,Minyak,2025-04-03 18:08:19,0,25
RWS0233,Cabang3,Brokoli,2025-02-03 13:33:38,36,0
RWS0234,Cabang3,Fillet Ikan Dori,2024-12-20 22:51:48,0,9
RWS0235,Cabang3,Telur,2025-03-11 15:56:28,0,44
RWS0236,Cabang3,Oatmeal,2025-06-03 21:47:47,0,50
RWS0237,Cabang4,Daun Selada,2025-03-27 09:48:59,0,40
RWS0238,Pusat,Dada Ayam Fillet,2025-05-30 18:04:04,0,32
RWS0239,Cabang2,Telur,2025-09-10 08:11:14,0,22
RWS0240,Cabang4,Brokoli,2024-11-11 13:45:10,21,0
RWS0241,Cabang4,Fillet Ikan Dori,2025-09-03 17:01:46,38,0
RWS0242,Cabang4,Telur,2025-07-09 01:11:55,0,22
RWS0243,Cabang1,Brokoli,2025-05-10 16:29:24,0,12
RWS0244,Cabang4,Beras Merah,2025-08-12 15:21:28,29,0
RWS0245,Cabang3,Brokoli,2025-01-30 18:31:15,0,50
RWS0246,Cabang3,Daun Selada,2025-07-18 17:54:26,0,18
RWS0247,Pusat,Dada Ayam Fillet,2025-04-06 23:40:31,0,7
RWS0248,Cabang1,Alpukat,2025-10-01 19:25:12,49,0
RWS0249,Cabang2,Beras Merah,2025-07-25 18:08:53,0,5
RWS0250,Cabang4,Beras Merah,2025-03-18 21:05:04,38,0
RWS0251,Cabang3,Daun Selada,2025-04-14 04:41:13,17,0
RWS0252,Cabang4,Wortel,2024-10-28 07:00:38,2,0
RWS0253,Cabang4,Alpukat,2025-09-30 21:25:09,50,0
RWS0254,Cabang1,Alpukat,2025-07-31 04:22:17,18,0
RWS0255,Cabang3,Fillet Ikan Dori,2025-02-20 15:53:20,0,6
RWS0256,Cabang2,Telur,2024-11-01 00:11:04,46,0
RWS0257,Cabang3,Daun Selada,2025-05-10 10:12:25,0,32
RWS0258,Pusat,Alpukat,2025-05-03 08:07:28,0,14
RWS0259,Pusat,Oatmeal,2025-08-29 03:42:46,0,40
RWS0260,Cabang4,Wortel,2025-04-14 17:19:14,0,5
RWS0261,Cabang3,Oatmeal,2025-07-15 01:58:14,9,0
RWS0262,Cabang3,Fillet Ikan Dori,2025-04-04 17:01:01,0,36
RWS0263,Cabang2,Daun Selada,2025-03-08 11:28:55,0,25
RWS0264,Cabang1,Daun Selada,2025-02-04 15:37:02,0,28
RWS0265,Cabang4,Fillet Ikan Dori,2025-06-23 08:15:22,42,0
RWS0266,Pusat,Oatmeal,2025-08-22 12:14:45,0,30
RWS0267,Cabang2,Alpukat,2024-11-17 10:17:48,0,11
RWS0268,Cabang2,Wortel,2025-09-15 01:09:16,0,20
RWS0269,Cabang4,Daun Selada,2025-01-19 05:43:08,27,0
RWS0270,Cabang2,Telur,2025-06-15 11:12:26,0,45
RWS0271,Pusat,Beras Merah,2025-02-23 21:35:27,0,38
RWS0272,Pusat,Dada Ayam Fillet,2025-04-04 10:41:38,35,0
RWS0273,Cabang1,Daun Selada,2024-11-02 11:41:42,0,41
RWS0274,Cabang3,Wortel,2025-07-10 21:42:36,1,0
RWS0275,Cabang4,Telur,2025-06-27 10:30:19,0,18
RWS0276,Cabang4,Beras Merah,2025-04-19 08:56:01,0,11
RWS0277,Pusat,Oatmeal,2025-09-12 05:19:32,0,8
RWS0278,Cabang1,Alpukat,2024-12-01 13:01:44,12,0
RWS0279,Pusat,Fillet Ikan Dori,2025-08-28 15:57:31,29,0
RWS0280,Cabang3,Telur,2025-02-17 03:36:24,0,27
RWS0281,Cabang2,Telur,2025-04-20 23:13:20,49,0
RWS0282,Cabang4,Fillet Ikan Dori,2025-05-31 22:42:31,0,33
RWS0283,Cabang1,Brokoli,2025-06-21 12:06:40,0,50
RWS0284,Cabang2,Minyak,2024-11-12 07:02:49,0,32
RWS0285,Cabang2,Fillet Ikan Dori,2025-04-15 09:30:51,50,0
RWS0286,Cabang1,Daun Selada,2025-08-27 15:24:14,6,0
RWS0287,Cabang1,Beras Merah,2025-09-17 14:07:12,0,1
RWS0288,Pusat,Dada Ayam Fillet,2024-12-03 22:29:35,0,36
RWS0289,Pusat,Oatmeal,2025-03-23 01:30:31,38,0
RWS0290,Cabang1,Minyak,2024-11-25 20:51:01,3,0
RWS0291,Cabang3,Telur,2025-05-15 01:24:31,0,25
RWS0292,Pusat,Minyak,2024-10-18 04:14:07,0,16
RWS0293,Cabang1,Daun Selada,2025-06-08 06:03:44,43,0
RWS0294,Cabang2,Telur,2025-07-08 19:32:16,0,50
RWS0295,Cabang4,Beras Merah,2025-04-21 12:29:53,0,43
RWS0296,Cabang2,Wortel,2024-12-08 16:18:13,0,39
RWS0297,Cabang3,Oatmeal,2025-07-05 23:08:19,0,10
RWS0298,Pusat,Fillet Ikan Dori,2024-11-28 02:02:38,0,24
RWS0299,Cabang4,Brokoli,2025-01-09 22:55:44,9,0
RWS0300,Cabang3,Wortel,2025-10-11 12:20:13,50,0
RWS0301,Cabang2,Telur,2025-05-10 21:07:47,45,0
RWS0302,Pusat,Dada Ayam Fillet,2024-12-08 16:31:37,15,0
RWS0303,Cabang4,Daun Selada,2024-12-16 08:04:37,0,2
RWS0304,Cabang2,Minyak,2025-07-10 09:01:37,0,36
RWS0305,Cabang4,Brokoli,2024-12-02 15:35:00,38,0
RWS0306,Cabang2,Brokoli,2025-03-10 16:25:42,0,7
RWS0307,Cabang1,Alpukat,2025-09-27 06:51:12,28,0
RWS0308,Cabang3,Beras Merah,2025-08-11 13:02:55,0,47
RWS0309,Pusat,Fillet Ikan Dori,2024-10-27 15:46:20,0,9
RWS0310,Cabang4,Beras Merah,2025-05-04 03:59:37,0,38
RWS0311,Cabang2,Beras Merah,2025-05-29 00:39:28,25,0
RWS0312,Cabang1,Wortel,2025-05-05 11:05:17,0,36
RWS0313,Cabang4,Minyak,2025-06-15 22:57:29,0,34
RWS0314,Pusat,Minyak,2025-07-13 14:31:38,0,7
RWS0315,Cabang4,Fillet Ikan Dori,2025-02-26 05:09:25,0,50
RWS0316,Cabang1,Alpukat,2024-10-20 03:34:34,0,30
RWS0317,Cabang3,Wortel,2025-08-10 06:18:38,0,48
RWS0318,Pusat,Wortel,2025-05-15 05:32:25,0,50
RWS0319,Cabang3,Telur,2024-12-10 05:15:04,0,49
RWS0320,Cabang3,Fillet Ikan Dori,2024-11-04 00:08:59,0,11
RWS0321,Cabang4,Fillet Ikan Dori,2025-05-10 00:35:47,20,0
RWS0322,Cabang2,Minyak,2025-03-07 11:59:03,0,31
RWS0323,Cabang1,Oatmeal,2025-09-11 23:01:50,0,34
RWS0324,Cabang1,Beras Merah,2025-03-12 09:32:42,0,37
RWS0325,Cabang3,Minyak,2025-09-19 10:05:01,0,19
RWS0326,Cabang1,Daun Selada,2025-06-22 04:10:48,0,25
RWS0327,Cabang2,Daun Selada,2025-01-07 03:15:37,45,0
RWS0328,Cabang2,Minyak,2025-05-12 03:08:09,0,17
RWS0329,Cabang4,Beras Merah,2025-07-28 03:20:48,50,0
RWS0330,Cabang2,Beras Merah,2025-03-30 08:30:48,39,0
RWS0331,Pusat,Beras Merah,2025-02-27 05:16:37,0,10
RWS0332,Cabang1,Dada Ayam Fillet,2025-07-27 16:25:25,0,34
RWS0333,Cabang2,Minyak,2025-06-18 10:35:26,0,43
RWS0334,Cabang1,Dada Ayam Fillet,2025-09-01 15:57:38,20,0
RWS0335,Cabang3,Fillet Ikan Dori,2025-04-18 08:50:42,31,0
RWS0336,Cabang2,Dada Ayam Fillet,2024-12-08 19:29:42,0,43
RWS0337,Pusat,Brokoli,2025-08-16 07:59:43,37,0
RWS0338,Pusat,Daun Selada,2025-06-04 11:24:14,0,18
RWS0339,Cabang1,Fillet Ikan Dori,2025-05-30 13:04:29,0,13
RWS0340,Cabang4,Daun Selada,2024-10-20 11:04:03,0,34
RWS0341,Cabang1,Fillet Ikan Dori,2025-05-18 19:50:42,43,0
RWS0342,Pusat,Dada Ayam Fillet,2024-10-22 01:56:49,0,23
RWS0343,Cabang4,Telur,2025-02-02 03:45:18,0,33
RWS0344,Cabang3,Fillet Ikan Dori,2025-04-17 05:27:58,0,40
RWS0345,Cabang1,Minyak,2025-01-10 15:00:08,0,7
RWS0346,Cabang4,Dada Ayam Fillet,2025-03-18 06:51:24,0,32
RWS0347,Cabang3,Dada Ayam Fillet,2025-03-11 21:40:59,0,19
RWS0348,Cabang1,Wortel,2025-03-30 21:17:29,0,18
RWS0349,Cabang1,Minyak,2025-08-06 14:02:24,0,15
RWS0350,Cabang3,Dada Ayam Fillet,2025-06-18 14:57:12,0,3
RWS0351,Cabang2,Brokoli,2025-10-11 16:39:16,39,0
RWS0352,Cabang4,Alpukat,2024-12-25 19:37:58,0,16
RWS0353,Cabang4,Daun Selada,2025-05-17 04:07:15,42,0
RWS0354,Pusat,Minyak,2025-09-28 00:51:57,0,24
RWS0355,Cabang2,Beras Merah,2025-03-18 00:44:10,0,18
RWS0356,Cabang1,Daun Selada,2025-04-22 21:51:59,0,12
RWS0357,Cabang3,Alpukat,2025-03-31 17:55:56,0,25
RWS0358,Cabang2,Minyak,2025-07-14 18:43:05,0,30
RWS0359,Pusat,Alpukat,2024-12-21 03:56:46,44,0
RWS0360,Cabang3,Alpukat,2025-05-30 00:36:17,38,0
RWS0361,Cabang1,Alpukat,2025-04-23 01:09:51,19,0
RWS0362,Cabang2,Oatmeal,2025-08-13 05:13:14,0,46
RWS0363,Cabang3,Wortel,2025-07-24 21:07:26,0,48
RWS0364,Pusat,Alpukat,2025-03-05 06:23:01,16,0
RWS0365,Cabang1,Minyak,2025-07-06 13:27:34,0,13
RWS0366,Cabang4,Alpukat,2025-02-04 20:58:59,49,0
RWS0367,Cabang1,Wortel,2025-01-27 02:55:33,0,5
RWS0368,Cabang1,Alpukat,2025-09-29 00:28:29,0,41
RWS0369,Cabang3,Wortel,2025-03-16 17:28:12,0,39
RWS0370,Cabang2,Wortel,2025-01-13 04:45:24,0,1
RWS0371,Cabang1,Wortel,2025-07-31 00:04:46,0,43
RWS0372,Cabang3,Brokoli,2025-06-14 13:42:12,0,11
RWS0373,Cabang2,Minyak,2025-01-09 11:07:39,17,0
RWS0374,Pusat,Wortel,2025-03-03 10:48:01,0,16
RWS0375,Cabang1,Oatmeal,2025-01-24 16:55:55,0,1
RWS0376,Cabang1,Daun Selada,2025-03-17 15:21:44,0,5
RWS0377,Cabang4,Wortel,2025-03-04 02:56:57,0,33
RWS0378,Cabang3,Daun Selada,2024-12-18 16:17:14,38,0
RWS0379,Cabang3,Oatmeal,2025-04-30 07:05:16,2,0
RWS0380,Cabang2,Wortel,2025-07-05 14:08:14,0,1
RWS0381,Cabang3,Telur,2025-10-11 17:59:58,0,4
RWS0382,Pusat,Brokoli,2025-09-21 03:43:34,0,34
RWS0383,Cabang3,Fillet Ikan Dori,2025-02-22 17:52:21,41,0
RWS0384,Pusat,Daun Selada,2025-03-30 19:19:02,7,0
RWS0385,Cabang3,Dada Ayam Fillet,2025-01-02 15:49:27,0,34
RWS0386,Pusat,Dada Ayam Fillet,2025-10-07 09:48:34,9,0
RWS0387,Cabang1,Telur,2025-05-26 03:46:24,0,9
RWS0388,Cabang4,Telur,2025-09-19 15:03:30,50,0
RWS0389,Cabang4,Fillet Ikan Dori,2025-08-08 03:29:18,0,47
RWS0390,Pusat,Oatmeal,2024-12-22 02:24:23,0,39
RWS0391,Cabang4,Dada Ayam Fillet,2025-03-20 11:22:09,11,0
RWS0392,Cabang1,Alpukat,2025-02-03 09:01:44,0,6
RWS0393,Cabang3,Wortel,2025-08-24 22:07:57,6,0
RWS0394,Pusat,Alpukat,2025-03-21 03:25:50,0,15
RWS0395,Cabang2,Telur,2025-06-01 15:58:45,0,25
RWS0396,Cabang3,Wortel,2025-03-18 12:26:16,16,0
RWS0397,Pusat,Alpukat,2025-05-24 22:36:53,0,18
RWS0398,Cabang1,Wortel,2025-07-01 08:29:25,0,33
RWS0399,Cabang1,Minyak,2025-04-16 23:34:43,49,0
RWS0400,Cabang1,Minyak,2025-06-09 12:44:44,0,43
RWS0401,Cabang1,Daun Selada,2025-06-07 14:48:33,30,0
RWS0402,Cabang2,Minyak,2025-01-24 16:30:59,0,47
RWS0403,Cabang3,Telur,2025-02-27 16:46:06,0,9
RWS0404,Cabang2,Telur,2025-08-28 21:39:37,0,35
RWS0405,Cabang3,Telur,2025-01-23 07:18:39,3,0
RWS0406,Cabang4,Wortel,2025-07-02 12:47:26,0,45
RWS0407,Cabang1,Telur,2025-04-14 17:43:06,48,0
RWS0408,Cabang2,Fillet Ikan Dori,2025-01-31 08:39:06,36,0
RWS0409,Cabang2,Alpukat,2024-12-30 13:24:55,0,49
RWS0410,Cabang1,Wortel,2024-11-26 13:53:16,0,30
RWS0411,Pusat,Oatmeal,2025-06-03 17:54:09,0,47
RWS0412,Cabang1,Minyak,2024-12-31 03:50:35,6,0
RWS0413,Pusat,Minyak,2025-06-26 12:17:26,0,28
RWS0414,Pusat,Wortel,2025-05-16 13:36:54,20,0
RWS0415,Pusat,Beras Merah,2025-03-30 15:11:30,0,3
RWS0416,Pusat,Dada Ayam Fillet,2025-07-10 15:04:30,0,13
RWS0417,Cabang1,Telur,2025-01-18 05:15:47,0,46
RWS0418,Cabang3,Daun Selada,2025-09-17 16:05:04,0,43
RWS0419,Pusat,Brokoli,2024-10-17 08:14:59,0,27
RWS0420,Cabang2,Dada Ayam Fillet,2025-06-21 15:39:23,0,50
RWS0421,Cabang1,Alpukat,2025-08-21 21:34:45,20,0
RWS0422,Cabang1,Wortel,2024-11-25 18:49:47,33,0
RWS0423,Cabang4,Minyak,2024-11-19 14:27:13,28,0
RWS0424,Pusat,Minyak,2025-09-15 03:25:26,32,0
RWS0425,Cabang3,Daun Selada,2025-04-26 03:14:07,0,27
RWS0426,Pusat,Beras Merah,2025-02-26 09:03:05,0,42
RWS0427,Cabang2,Oatmeal,2025-03-07 00:45:15,0,22
RWS0428,Cabang4,Wortel,2025-08-24 21:06:48,0,24
RWS0429,Cabang1,Alpukat,2025-08-23 03:17:26,5,0
RWS0430,Cabang4,Fillet Ikan Dori,2025-02-19 06:07:26,30,0
RWS0431,Cabang1,Fillet Ikan Dori,2025-03-20 13:03:09,0,38
RWS0432,Pusat,Wortel,2025-06-26 16:28:30,31,0
RWS0433,Cabang1,Fillet Ikan Dori,2025-08-03 07:02:36,0,50
RWS0434,Cabang4,Oatmeal,2025-09-14 00:35:05,0,49
RWS0435,Cabang2,Telur,2025-09-25 07:35:53,0,32
RWS0436,Cabang3,Brokoli,2025-06-11 09:35:15,32,0
RWS0437,Cabang3,Telur,2025-08-16 13:28:14,0,38
RWS0438,Pusat,Wortel,2025-06-26 09:40:13,0,6
RWS0439,Cabang2,Beras Merah,2025-05-19 16:52:43,34,0
RWS0440,Pusat,Beras Merah,2025-04-18 12:04:55,0,24
RWS0441,Cabang1,Wortel,2025-07-22 08:04:35,0,20
RWS0442,Cabang1,Dada Ayam Fillet,2025-09-06 22:10:31,7,0
RWS0443,Cabang2,Minyak,2025-04-22 14:39:27,1,0
RWS0444,Cabang4,Fillet Ikan Dori,2024-11-26 07:14:32,0,32
RWS0445,Cabang2,Telur,2025-05-01 00:56:24,0,26
RWS0446,Cabang1,Wortel,2024-12-20 02:54:43,0,15
RWS0447,Cabang3,Oatmeal,2025-02-03 07:22:15,0,50
RWS0448,Cabang1,Dada Ayam Fillet,2024-11-22 22:46:08,0,4
RWS0449,Cabang2,Dada Ayam Fillet,2025-06-13 22:18:08,44,0
RWS0450,Cabang3,Telur,2025-03-12 01:48:00,29,0
RWS0451,Cabang2,Daun Selada,2024-10-14 07:10:50,0,23
RWS0452,Cabang1,Brokoli,2025-05-07 03:25:57,25,0
RWS0453,Cabang2,Wortel,2025-01-30 13:07:22,0,25
RWS0454,Cabang4,Dada Ayam Fillet,2025-04-16 12:06:58,22,0
RWS0455,Cabang2,Telur,2025-02-21 10:08:34,19,0
RWS0456,Cabang2,Alpukat,2025-02-01 14:11:17,0,37
RWS0457,Cabang3,Telur,2025-03-30 22:02:23,0,45
RWS0458,Cabang2,Wortel,2025-05-29 20:30:58,0,14
RWS0459,Cabang3,Fillet Ikan Dori,2025-03-02 19:23:39,34,0
RWS0460,Cabang4,Brokoli,2025-10-07 15:08:18,0,43
RWS0461,Cabang4,Fillet Ikan Dori,2025-01-06 22:37:49,0,28
RWS0462,Cabang2,Brokoli,2025-02-27 16:16:04,38,0
RWS0463,Cabang2,Dada Ayam Fillet,2025-08-23 05:54:54,31,0
RWS0464,Cabang4,Daun Selada,2025-06-26 05:52:05,0,25
RWS0465,Pusat,Telur,2025-08-05 22:22:07,20,0
RWS0466,Cabang1,Brokoli,2025-02-17 13:31:45,0,39
RWS0467,Cabang4,Fillet Ikan Dori,2025-06-09 23:22:00,0,39
RWS0468,Cabang3,Telur,2024-12-11 23:45:23,31,0
RWS0469,Cabang1,Alpukat,2025-03-21 01:57:48,0,18
RWS0470,Pusat,Dada Ayam Fillet,2025-05-27 07:57:50,0,6
RWS0471,Cabang2,Daun Selada,2025-04-20 15:30:30,10,0
RWS0472,Cabang1,Wortel,2025-02-11 01:06:19,34,0
RWS0473,Cabang1,Daun Selada,2024-10-20 18:31:16,0,44
RWS0474,Pusat,Oatmeal,2025-06-17 13:14:28,0,34
RWS0475,Pusat,Brokoli,2025-09-22 03:01:47,1,0
RWS0476,Cabang3,Daun Selada,2024-12-15 13:05:15,0,5
RWS0477,Cabang3,Wortel,2025-03-03 01:52:48,0,27
RWS0478,Cabang1,Brokoli,2024-12-08 02:14:09,21,0
RWS0479,Cabang1,Dada Ayam Fillet,2025-06-05 00:46:17,19,0
RWS0480,Cabang1,Daun Selada,2025-03-15 06:19:48,0,9
RWS0481,Cabang2,Wortel,2025-02-20 00:41:47,49,0
RWS0482,Cabang3,Dada Ayam Fillet,2025-08-14 15:23:44,0,32
RWS0483,Cabang1,Alpukat,2024-12-03 03:48:28,0,34
RWS0484,Cabang3,Minyak,2025-04-27 13:48:58,0,25
RWS0485,Cabang4,Dada Ayam Fillet,2025-03-19 16:33:57,0,4
RWS0486,Pusat,Alpukat,2025-04-26 03:45:24,2,0
RWS0487,Cabang2,Wortel,2025-09-03 09:22:01,4,0
RWS0488,Cabang3,Telur,2024-10-19 21:23:44,0,27
RWS0489,Pusat,Fillet Ikan Dori,2025-08-20 07:53:07,45,0
RWS0490,Cabang4,Wortel,2025-04-27 07:52:06,4,0
RWS0491,Cabang3,Wortel,2025-08-07 03:24:38,43,0
RWS0492,Cabang1,Brokoli,2025-06-07 10:30:56,0,19
RWS0493,Cabang4,Wortel,2025-09-16 10:36:45,3,0
RWS0494,Cabang3,Minyak,2025-02-17 21:14:17,0,11
RWS0495,Cabang4,Telur,2025-05-23 09:59:09,0,40
RWS0496,Cabang1,Oatmeal,2024-11-08 23:10:24,27,0
RWS0497,Cabang4,Telur,2025-03-27 06:51:01,0,22
RWS0498,Cabang4,Fillet Ikan Dori,2025-08-01 14:36:14,0,10
RWS0499,Cabang3,Oatmeal,2025-06-20 21:13:15,0,30
RWS0500,Pusat,Brokoli,2025-02-18 15:08:26,0,22
RWS0501,Cabang3,Telur,2025-02-20 00:38:39,7,0
RWS0502,Cabang4,Telur,2024-10-15 22:02:10,0,48
RWS0503,Pusat,Telur,2024-11-18 09:38:37,0,22
RWS0504,Cabang1,Minyak,2025-04-03 12:42:52,24,0
RWS0505,Cabang4,Minyak,2025-05-26 23:55:05,0,21
RWS0506,Cabang3,Alpukat,2025-05-13 18:46:42,0,36
RWS0507,Cabang2,Minyak,2025-03-04 15:54:18,26,0
RWS0508,Cabang1,Alpukat,2025-01-13 08:08:18,0,41
RWS0509,Cabang1,Minyak,2025-04-10 18:58:16,25,0
RWS0510,Pusat,Minyak,2025-01-09 16:32:01,0,40
RWS0511,Pusat,Beras Merah,2025-08-21 15:56:31,0,29
RWS0512,Pusat,Telur,2025-09-20 23:51:42,0,16
RWS0513,Cabang4,Oatmeal,2025-05-12 00:54:01,0,18
RWS0514,Pusat,Daun Selada,2025-10-10 12:08:10,9,0
RWS0515,Cabang1,Alpukat,2024-10-26 16:15:46,0,17
RWS0516,Cabang4,Oatmeal,2025-04-10 08:48:22,0,22
RWS0517,Cabang1,Minyak,2025-08-14 18:44:30,1,0
RWS0518,Cabang3,Dada Ayam Fillet,2025-08-03 05:06:19,0,14
RWS0519,Cabang4,Dada Ayam Fillet,2024-10-30 16:46:03,0,15
RWS0520,Cabang1,Beras Merah,2025-03-23 14:28:44,0,25
RWS0521,Cabang2,Beras Merah,2025-01-30 21:55:29,2,0
RWS0522,Cabang4,Wortel,2025-01-11 23:16:12,0,29
RWS0523,Cabang2,Oatmeal,2025-08-22 12:47:22,0,44
RWS0524,Cabang4,Oatmeal,2025-09-16 13:27:11,0,39
RWS0525,Pusat,Telur,2025-05-24 10:00:20,0,36
RWS0526,Cabang1,Beras Merah,2025-08-08 10:43:42,46,0
RWS0527,Cabang4,Wortel,2025-08-07 09:22:52,32,0
RWS0528,Cabang1,Beras Merah,2025-03-17 11:06:09,0,18
RWS0529,Pusat,Brokoli,2025-07-26 10:57:52,8,0
RWS0530,Pusat,Dada Ayam Fillet,2024-12-14 02:13:13,0,35
RWS0531,Cabang3,Daun Selada,2024-11-21 18:33:16,0,18
RWS0532,Pusat,Oatmeal,2024-12-08 00:42:05,0,41
RWS0533,Cabang1,Wortel,2025-06-25 11:17:02,49,0
RWS0534,Cabang1,Beras Merah,2025-03-08 21:13:16,41,0
RWS0535,Cabang4,Daun Selada,2025-04-27 17:24:03,0,14
RWS0536,Cabang2,Wortel,2025-06-20 19:03:05,0,42
RWS0537,Pusat,Oatmeal,2025-09-18 02:42:58,21,0
RWS0538,Cabang1,Alpukat,2025-03-10 10:53:00,0,46
RWS0539,Cabang3,Alpukat,2025-05-20 06:24:08,0,43
RWS0540,Pusat,Daun Selada,2025-02-27 13:43:25,0,32
RWS0541,Cabang1,Brokoli,2024-12-27 12:25:31,0,27
RWS0542,Cabang4,Wortel,2025-09-25 22:04:23,0,9
RWS0543,Pusat,Telur,2024-11-07 09:35:06,26,0
RWS0544,Cabang1,Fillet Ikan Dori,2024-11-06 06:38:43,40,0
RWS0545,Cabang4,Minyak,2025-09-01 10:51:56,0,12
RWS0546,Cabang4,Beras Merah,2025-04-02 22:05:57,8,0
RWS0547,Cabang2,Beras Merah,2025-01-09 04:33:49,0,10
RWS0548,Cabang2,Dada Ayam Fillet,2025-03-03 07:03:16,33,0
RWS0549,Cabang1,Dada Ayam Fillet,2025-05-07 20:32:01,0,4
RWS0550,Cabang4,Brokoli,2024-12-17 23:37:34,35,0
RWS0551,Cabang4,Wortel,2025-05-27 13:59:24,0,19
RWS0552,Cabang2,Beras Merah,2025-09-02 13:31:36,46,0
RWS0553,Cabang2,Brokoli,2025-08-06 16:56:31,0,25
RWS0554,Cabang2,Oatmeal,2025-05-01 13:04:55,0,13
RWS0555,Cabang2,Wortel,2024-11-14 08:18:16,6,0
RWS0556,Cabang4,Oatmeal,2025-03-28 10:18:08,0,7
RWS0557,Cabang3,Daun Selada,2024-11-28 04:15:56,0,45
RWS0558,Cabang1,Oatmeal,2025-07-21 14:13:34,0,49
RWS0559,Cabang2,Wortel,2025-02-09 11:51:19,0,10
RWS0560,Cabang2,Brokoli,2025-04-27 04:53:14,0,1
RWS0561,Cabang1,Dada Ayam Fillet,2025-04-04 09:19:55,0,2
RWS0562,Pusat,Brokoli,2025-04-14 05:38:20,0,29
RWS0563,Cabang4,Fillet Ikan Dori,2025-06-30 18:53:56,0,29
RWS0564,Cabang2,Telur,2025-05-31 22:21:32,0,19
RWS0565,Cabang1,Daun Selada,2025-05-25 01:25:15,0,48
RWS0566,Cabang4,Alpukat,2025-05-18 10:00:25,0,17
RWS0567,Cabang3,Wortel,2025-02-10 08:27:06,14,0
RWS0568,Cabang2,Beras Merah,2025-10-01 02:44:09,0,5
RWS0569,Cabang2,Fillet Ikan Dori,2025-03-07 05:07:10,20,0
RWS0570,Pusat,Alpukat,2024-10-12 20:07:41,0,39
RWS0571,Cabang3,Minyak,2025-03-31 14:48:45,0,22
RWS0572,Pusat,Telur,2025-02-09 07:33:16,4,0
RWS0573,Pusat,Daun Selada,2025-04-18 03:21:06,9,0
RWS0574,Cabang1,Dada Ayam Fillet,2025-03-17 21:31:46,0,30
RWS0575,Cabang3,Oatmeal,2024-10-19 00:53:17,0,47
RWS0576,Pusat,Dada Ayam Fillet,2025-06-21 18:03:10,32,0
RWS0577,Cabang4,Fillet Ikan Dori,2025-06-16 21:15:56,28,0
RWS0578,Cabang4,Alpukat,2025-05-14 16:33:56,0,44
RWS0579,Pusat,Dada Ayam Fillet,2025-07-10 08:36:55,0,18
RWS0580,Cabang1,Dada Ayam Fillet,2025-03-20 19:33:32,3,0
RWS0581,Cabang4,Alpukat,2025-04-01 19:01:31,7,0
RWS0582,Pusat,Oatmeal,2024-12-21 16:26:05,0,14
RWS0583,Pusat,Beras Merah,2025-02-21 23:40:42,5,0
RWS0584,Cabang3,Oatmeal,2025-08-08 22:46:59,22,0
RWS0585,Pusat,Brokoli,2024-11-14 17:58:13,0,39
RWS0586,Cabang4,Minyak,2024-11-28 06:21:33,0,16
RWS0587,Pusat,Dada Ayam Fillet,2025-01-03 01:43:21,41,0
RWS0588,Cabang3,Oatmeal,2025-08-21 18:27:45,0,28
RWS0589,Cabang1,Minyak,2025-07-09 04:52:23,15,0
RWS0590,Cabang1,Wortel,2025-05-10 15:13:32,0,46
RWS0591,Cabang2,Alpukat,2025-03-06 18:19:31,0,48
RWS0592,Cabang1,Dada Ayam Fillet,2025-01-14 01:03:32,6,0
RWS0593,Cabang3,Wortel,2025-07-01 21:30:35,0,24
RWS0594,Cabang1,Beras Merah,2024-12-30 03:05:30,27,0
RWS0595,Pusat,Beras Merah,2025-01-26 18:42:46,23,0
RWS0596,Cabang4,Beras Merah,2025-08-21 08:26:01,0,20
RWS0597,Pusat,Dada Ayam Fillet,2025-04-17 11:41:53,20,0
RWS0598,Cabang2,Beras Merah,2025-01-14 14:21:21,0,3
RWS0599,Pusat,Oatmeal,2025-02-28 12:08:16,45,0
RWS0600,Cabang1,Alpukat,2025-05-11 14:36:32,0,32
RWS0601,Cabang4,Oatmeal,2025-09-29 20:56:11,0,3
RWS0602,Cabang1,Beras Merah,2025-09-13 22:33:06,0,25
RWS0603,Cabang1,Beras Merah,2025-04-13 02:07:20,7,0
RWS0604,Cabang1,Telur,2025-05-09 18:12:59,0,20
RWS0605,Cabang4,Fillet Ikan Dori,2025-03-13 03:31:58,10,0
RWS0606,Cabang1,Alpukat,2025-07-05 07:03:12,0,24
RWS0607,Cabang4,Beras Merah,2024-11-21 05:05:19,8,0
RWS0608,Cabang4,Wortel,2024-10-30 08:27:04,50,0
RWS0609,Pusat,Alpukat,2024-11-23 01:10:15,0,41
RWS0610,Cabang1,Telur,2025-02-02 16:49:25,0,5
RWS0611,Pusat,Daun Selada,2024-10-12 09:15:09,0,40
RWS0612,Cabang4,Brokoli,2025-08-21 02:32:28,0,47
RWS0613,Cabang4,Brokoli,2025-05-14 02:33:02,0,22
RWS0614,Cabang3,Dada Ayam Fillet,2025-07-10 11:48:43,0,45
RWS0615,Cabang4,Oatmeal,2024-12-16 02:52:32,0,11
RWS0616,Cabang3,Dada Ayam Fillet,2025-09-25 23:56:28,0,32
RWS0617,Cabang4,Dada Ayam Fillet,2025-07-13 07:27:10,0,24
RWS0618,Cabang4,Telur,2025-09-24 10:43:09,0,22
RWS0619,Cabang2,Minyak,2024-10-24 11:37:34,28,0
RWS0620,Cabang1,Minyak,2025-07-30 04:48:29,33,0
RWS0621,Cabang2,Fillet Ikan Dori,2025-01-24 15:35:54,23,0
RWS0622,Cabang4,Daun Selada,2024-12-26 13:13:39,0,2
RWS0623,Pusat,Daun Selada,2025-08-17 10:25:16,6,0
RWS0624,Cabang1,Alpukat,2024-12-10 22:26:21,0,40
RWS0625,Cabang1,Dada Ayam Fillet,2025-09-10 18:55:39,0,47
RWS0626,Pusat,Telur,2025-01-09 08:17:00,20,0
RWS0627,Pusat,Alpukat,2025-01-19 13:28:22,0,38
RWS0628,Cabang2,Telur,2025-07-31 02:38:58,0,39
RWS0629,Cabang3,Fillet Ikan Dori,2024-11-07 09:42:39,0,22
RWS0630,Cabang4,Wortel,2025-03-19 04:00:27,16,0
RWS0631,Cabang1,Brokoli,2025-07-27 04:59:31,3,0
RWS0632,Cabang4,Daun Selada,2024-11-06 15:27:23,0,44
RWS0633,Cabang2,Beras Merah,2024-11-14 20:25:58,24,0
RWS0634,Pusat,Telur,2024-11-17 13:33:09,20,0
RWS0635,Cabang1,Dada Ayam Fillet,2025-07-08 17:26:02,0,20
RWS0636,Cabang4,Wortel,2024-12-30 22:21:56,0,41
RWS0637,Cabang3,Minyak,2025-06-07 19:32:23,0,10
RWS0638,Cabang4,Dada Ayam Fillet,2025-07-29 11:34:46,9,0
RWS0639,Pusat,Oatmeal,2025-07-30 06:18:16,31,0
RWS0640,Cabang4,Daun Selada,2025-02-03 01:48:51,0,29
RWS0641,Cabang2,Wortel,2025-05-25 11:27:59,0,40
RWS0642,Cabang1,Telur,2025-04-07 11:05:38,0,19
RWS0643,Cabang3,Wortel,2025-03-24 10:47:59,0,8
RWS0644,Cabang4,Oatmeal,2025-10-01 06:31:21,40,0
RWS0645,Cabang1,Telur,2025-03-10 21:48:53,0,38
RWS0646,Cabang4,Minyak,2025-01-30 01:36:32,34,0
RWS0647,Pusat,Wortel,2025-09-19 07:38:17,19,0
RWS0648,Cabang2,Daun Selada,2025-02-16 04:53:56,23,0
RWS0649,Cabang1,Alpukat,2024-12-20 08:09:06,38,0
RWS0650,Cabang3,Wortel,2025-01-30 02:06:13,0,12
RWS0651,Cabang3,Telur,2025-07-01 06:32:00,33,0
RWS0652,Cabang1,Telur,2025-08-17 16:04:06,0,32
RWS0653,Cabang2,Fillet Ikan Dori,2024-11-28 16:33:25,32,0
RWS0654,Cabang2,Fillet Ikan Dori,2025-02-12 10:13:09,0,31
RWS0655,Cabang3,Fillet Ikan Dori,2025-10-10 03:40:31,0,45
RWS0656,Cabang2,Brokoli,2025-02-14 07:14:58,0,8
RWS0657,Cabang3,Minyak,2025-01-22 23:11:21,0,23
RWS0658,Cabang1,Brokoli,2025-09-03 17:51:43,0,35
RWS0659,Cabang1,Wortel,2025-07-24 16:48:29,38,0
RWS0660,Cabang3,Fillet Ikan Dori,2025-02-04 17:00:30,2,0
RWS0661,Cabang4,Wortel,2025-07-23 18:19:36,0,8
RWS0662,Pusat,Daun Selada,2025-01-13 12:16:02,48,0
RWS0663,Pusat,Alpukat,2024-10-15 09:17:32,29,0
RWS0664,Pusat,Minyak,2025-08-04 10:41:15,0,8
RWS0665,Cabang3,Wortel,2025-10-11 06:52:15,12,0
RWS0666,Cabang3,Brokoli,2025-01-13 10:31:03,0,17
RWS0667,Cabang3,Brokoli,2025-08-12 02:09:58,0,50
RWS0668,Cabang1,Beras Merah,2025-05-02 21:36:50,0,30
RWS0669,Cabang2,Minyak,2025-06-29 02:01:52,28,0
RWS0670,Cabang4,Minyak,2025-08-15 22:38:47,0,14
RWS0671,Cabang1,Brokoli,2025-09-30 22:35:06,21,0
RWS0672,Cabang4,Minyak,2025-01-18 19:54:30,0,9
RWS0673,Cabang2,Beras Merah,2025-05-15 20:14:39,0,42
RWS0674,Cabang4,Brokoli,2025-02-03 12:41:10,0,50
RWS0675,Cabang1,Oatmeal,2025-06-20 08:16:16,0,4
RWS0676,Pusat,Brokoli,2025-02-06 10:53:38,21,0
RWS0677,Cabang4,Brokoli,2025-01-11 14:17:01,0,41
RWS0678,Cabang4,Beras Merah,2025-05-24 14:35:39,0,18
RWS0679,Cabang2,Alpukat,2025-02-03 04:25:40,0,2
RWS0680,Cabang3,Dada Ayam Fillet,2025-03-13 18:33:18,0,5
RWS0681,Cabang4,Brokoli,2024-12-20 04:27:16,48,0
RWS0682,Pusat,Wortel,2025-09-10 13:34:35,47,0
RWS0683,Pusat,Wortel,2025-01-28 23:36:52,0,21
RWS0684,Cabang4,Daun Selada,2024-11-05 05:10:18,0,31
RWS0685,Cabang2,Minyak,2025-09-12 13:45:04,0,46
RWS0686,Cabang2,Daun Selada,2025-08-30 01:09:45,0,25
RWS0687,Cabang1,Beras Merah,2025-09-02 16:45:36,0,47
RWS0688,Cabang2,Wortel,2025-07-14 04:10:38,0,8
RWS0689,Cabang2,Wortel,2025-06-19 16:25:04,0,8
RWS0690,Cabang1,Alpukat,2025-05-01 20:18:04,0,4
RWS0691,Cabang2,Fillet Ikan Dori,2025-06-08 01:17:23,46,0
RWS0692,Cabang2,Dada Ayam Fillet,2024-10-20 18:58:23,6,0
RWS0693,Pusat,Daun Selada,2025-05-03 17:02:49,0,7
RWS0694,Cabang3,Wortel,2025-01-02 12:18:58,45,0
RWS0695,Cabang2,Beras Merah,2025-03-30 19:34:53,0,5
RWS0696,Pusat,Fillet Ikan Dori,2025-04-12 21:28:04,0,13
RWS0697,Cabang3,Telur,2025-09-13 03:01:44,22,0
RWS0698,Cabang1,Minyak,2024-12-20 01:50:07,0,44
RWS0699,Cabang1,Daun Selada,2025-01-31 02:51:00,0,6
RWS0700,Cabang2,Dada Ayam Fillet,2025-05-14 21:08:39,0,50
RWS0701,Cabang2,Dada Ayam Fillet,2024-12-06 00:02:51,0,23
RWS0702,Pusat,Alpukat,2024-12-26 15:37:30,0,16
RWS0703,Cabang1,Dada Ayam Fillet,2025-09-28 02:15:18,0,5
RWS0704,Cabang3,Brokoli,2025-07-26 02:48:41,0,2
RWS0705,Cabang1,Telur,2025-07-22 03:23:33,0,3
RWS0706,Cabang3,Oatmeal,2025-06-15 17:03:29,0,30
RWS0707,Cabang2,Alpukat,2024-12-25 16:20:57,0,44
RWS0708,Cabang4,Alpukat,2025-07-01 20:42:48,41,0
RWS0709,Cabang1,Brokoli,2024-12-05 13:39:45,49,0
RWS0710,Cabang3,Minyak,2025-07-07 03:55:26,26,0
RWS0711,Pusat,Brokoli,2025-05-06 11:16:15,0,49
RWS0712,Cabang2,Telur,2025-10-04 07:12:26,0,10
RWS0713,Cabang3,Wortel,2024-10-28 09:49:46,35,0
RWS0714,Cabang4,Daun Selada,2025-07-26 00:53:14,20,0
RWS0715,Cabang4,Beras Merah,2025-04-15 18:41:50,0,13
RWS0716,Cabang3,Fillet Ikan Dori,2025-09-08 17:32:46,0,6
RWS0717,Cabang4,Wortel,2025-08-06 16:36:01,0,3
RWS0718,Cabang1,Daun Selada,2025-05-06 09:47:05,0,18
RWS0719,Cabang2,Oatmeal,2025-04-20 02:53:10,0,33
RWS0720,Cabang3,Dada Ayam Fillet,2025-06-08 13:02:53,34,0
RWS0721,Pusat,Beras Merah,2025-06-06 02:32:46,19,0
RWS0722,Cabang3,Beras Merah,2025-04-02 02:42:09,0,18
RWS0723,Cabang3,Minyak,2025-08-18 09:15:40,49,0
RWS0724,Cabang3,Fillet Ikan Dori,2024-12-21 21:39:05,0,3
RWS0725,Cabang4,Oatmeal,2025-01-14 21:01:36,42,0
RWS0726,Cabang3,Minyak,2025-05-16 09:13:52,0,20
RWS0727,Cabang2,Alpukat,2025-02-10 05:16:20,0,40
RWS0728,Cabang1,Brokoli,2025-03-04 11:06:23,0,4
RWS0729,Cabang3,Fillet Ikan Dori,2025-04-05 16:24:19,0,11
RWS0730,Cabang1,Minyak,2024-10-26 07:21:01,2,0
RWS0731,Cabang2,Alpukat,2024-11-18 00:42:59,12,0
RWS0732,Cabang1,Daun Selada,2025-09-23 17:00:11,0,35
RWS0733,Cabang3,Daun Selada,2025-03-02 19:49:21,0,25
RWS0734,Cabang3,Fillet Ikan Dori,2025-06-27 05:10:13,0,21
RWS0735,Cabang3,Brokoli,2025-10-04 04:27:55,0,13
RWS0736,Cabang4,Brokoli,2025-05-22 15:27:05,10,0
RWS0737,Cabang4,Wortel,2025-09-17 16:47:06,36,0
RWS0738,Cabang2,Daun Selada,2025-07-17 23:32:50,0,6
RWS0739,Cabang4,Beras Merah,2025-04-08 01:17:10,4,0
RWS0740,Cabang4,Alpukat,2025-05-21 13:18:58,0,47
RWS0741,Cabang4,Fillet Ikan Dori,2024-12-07 02:53:46,0,44
RWS0742,Cabang3,Telur,2025-02-27 16:58:03,0,37
RWS0743,Pusat,Daun Selada,2025-01-08 14:46:31,26,0
RWS0744,Pusat,Fillet Ikan Dori,2024-11-11 06:08:03,32,0
RWS0745,Pusat,Fillet Ikan Dori,2025-05-22 14:23:59,42,0
RWS0746,Cabang2,Fillet Ikan Dori,2024-11-05 10:58:02,36,0
RWS0747,Cabang3,Dada Ayam Fillet,2025-04-25 04:12:13,3,0
RWS0748,Cabang4,Minyak,2025-05-16 06:55:34,0,21
RWS0749,Cabang1,Dada Ayam Fillet,2024-12-25 13:05:21,35,0
RWS0750,Cabang1,Beras Merah,2025-04-14 01:02:52,0,18
RWS0751,Cabang1,Wortel,2025-01-27 09:34:25,0,31
RWS0752,Cabang2,Daun Selada,2025-03-17 21:17:52,19,0
RWS0753,Pusat,Minyak,2025-05-01 16:03:14,25,0
RWS0754,Cabang2,Wortel,2024-12-05 17:36:23,14,0
RWS0755,Cabang3,Minyak,2025-05-09 07:28:16,47,0
RWS0756,Cabang3,Beras Merah,2025-02-19 12:01:05,35,0
RWS0757,Cabang4,Minyak,2025-06-15 22:55:24,24,0
RWS0758,Cabang3,Wortel,2025-02-15 02:54:18,0,11
RWS0759,Cabang3,Alpukat,2024-11-27 16:57:16,43,0
RWS0760,Cabang4,Dada Ayam Fillet,2025-09-28 02:28:45,23,0
RWS0761,Cabang2,Fillet Ikan Dori,2024-11-07 07:41:43,0,16
RWS0762,Cabang3,Fillet Ikan Dori,2025-06-24 19:54:14,0,48
RWS0763,Cabang2,Oatmeal,2025-06-08 16:14:07,7,0
RWS0764,Cabang2,Telur,2024-11-02 10:56:47,0,48
RWS0765,Cabang3,Alpukat,2024-11-18 11:48:58,0,32
RWS0766,Cabang1,Alpukat,2025-03-26 21:45:45,0,24
RWS0767,Cabang2,Minyak,2025-04-03 10:05:43,30,0
RWS0768,Cabang3,Beras Merah,2025-05-11 08:12:00,0,38
RWS0769,Cabang1,Alpukat,2025-03-16 21:58:52,0,17
RWS0770,Pusat,Alpukat,2025-08-09 16:43:05,48,0
RWS0771,Cabang1,Alpukat,2025-05-30 20:01:52,33,0
RWS0772,Cabang1,Dada Ayam Fillet,2025-09-10 22:32:42,0,26
RWS0773,Cabang3,Wortel,2024-12-22 22:28:33,41,0
RWS0774,Cabang3,Brokoli,2025-09-25 01:00:45,0,17
RWS0775,Pusat,Dada Ayam Fillet,2025-06-12 05:25:29,13,0
RWS0776,Cabang4,Oatmeal,2025-05-09 17:26:44,0,26
RWS0777,Pusat,Brokoli,2025-07-09 17:42:07,0,47
RWS0778,Cabang1,Alpukat,2025-08-01 07:07:24,22,0
RWS0779,Cabang1,Alpukat,2025-01-05 08:49:07,49,0
RWS0780,Cabang2,Fillet Ikan Dori,2025-05-20 00:22:27,0,28
RWS0781,Cabang4,Oatmeal,2025-09-20 02:30:04,0,48
RWS0782,Cabang2,Brokoli,2025-02-05 21:52:10,0,45
RWS0783,Cabang4,Brokoli,2025-08-01 21:56:28,0,3
RWS0784,Pusat,Fillet Ikan Dori,2025-03-27 07:37:45,16,0
RWS0785,Cabang4,Brokoli,2025-09-22 02:45:47,32,0
RWS0786,Pusat,Oatmeal,2025-03-08 03:41:19,0,48
RWS0787,Cabang1,Beras Merah,2025-02-05 16:01:03,0,2
RWS0788,Pusat,Daun Selada,2025-03-09 08:09:38,0,40
RWS0789,Cabang1,Wortel,2024-11-06 11:14:45,0,40
RWS0790,Cabang1,Minyak,2025-08-31 19:18:24,0,24
RWS0791,Cabang2,Brokoli,2025-06-20 11:32:41,0,49
RWS0792,Cabang4,Alpukat,2025-06-11 17:13:44,14,0
RWS0793,Cabang3,Dada Ayam Fillet,2025-03-14 13:39:55,0,25
RWS0794,Cabang3,Minyak,2025-08-07 19:09:08,0,11
RWS0795,Cabang1,Telur,2025-05-24 02:36:35,7,0
RWS0796,Cabang1,Minyak,2024-12-06 15:51:08,15,0
RWS0797,Cabang3,Oatmeal,2024-10-18 20:46:08,45,0
RWS0798,Cabang2,Wortel,2024-10-17 19:25:18,43,0
RWS0799,Cabang3,Daun Selada,2025-06-24 19:39:12,0,13
RWS0800,Cabang2,Dada Ayam Fillet,2024-11-13 22:23:36,0,29
RWS0801,Cabang3,Dada Ayam Fillet,2025-04-10 05:25:51,0,47
RWS0802,Cabang1,Minyak,2025-02-07 13:59:47,36,0
RWS0803,Cabang2,Fillet Ikan Dori,2025-07-07 06:42:22,0,6
RWS0804,Cabang3,Fillet Ikan Dori,2024-10-29 22:53:57,0,6
RWS0805,Cabang4,Dada Ayam Fillet,2025-08-13 13:04:55,18,0
RWS0806,Cabang1,Brokoli,2025-05-24 15:45:03,0,41
RWS0807,Cabang2,Dada Ayam Fillet,2025-07-03 12:27:22,7,0
RWS0808,Cabang2,Oatmeal,2025-04-19 20:07:15,0,10
RWS0809,Pusat,Beras Merah,2025-02-10 12:46:22,0,50
RWS0810,Cabang1,Daun Selada,2024-11-23 19:49:02,0,1
RWS0811,Cabang3,Minyak,2025-08-29 01:57:29,0,20
RWS0812,Pusat,Wortel,2024-11-11 21:17:36,5,0
RWS0813,Pusat,Dada Ayam Fillet,2025-08-25 23:53:21,49,0
RWS0814,Cabang4,Telur,2025-04-22 23:13:29,33,0
RWS0815,Cabang2,Daun Selada,2025-04-05 12:15:11,0,32
RWS0816,Cabang3,Beras Merah,2024-10-24 15:06:10,0,7
RWS0817,Cabang2,Brokoli,2025-08-09 21:55:09,0,24
RWS0818,Cabang3,Brokoli,2025-09-16 11:00:35,0,37
RWS0819,Cabang3,Telur,2025-10-07 05:22:45,0,5
RWS0820,Cabang3,Oatmeal,2025-10-02 19:31:14,17,0
RWS0821,Cabang1,Wortel,2025-03-30 06:56:53,0,38
RWS0822,Cabang4,Telur,2024-10-17 00:47:15,11,0
RWS0823,Cabang3,Beras Merah,2025-04-24 03:36:42,48,0
RWS0824,Cabang1,Wortel,2025-01-23 13:21:28,27,0
RWS0825,Cabang1,Minyak,2025-09-22 01:20:29,16,0
RWS0826,Cabang2,Alpukat,2025-06-03 02:26:24,3,0
RWS0827,Cabang2,Telur,2025-01-18 07:30:29,0,1
RWS0828,Cabang3,Brokoli,2025-07-26 11:36:58,0,46
RWS0829,Cabang2,Alpukat,2025-08-30 05:08:42,1,0
RWS0830,Cabang2,Daun Selada,2025-04-06 12:22:25,13,0
RWS0831,Pusat,Dada Ayam Fillet,2024-11-09 22:10:04,23,0
RWS0832,Cabang3,Fillet Ikan Dori,2025-02-22 15:32:36,0,27
RWS0833,Cabang1,Oatmeal,2025-10-06 03:47:23,0,36
RWS0834,Cabang2,Minyak,2025-03-05 07:25:05,26,0
RWS0835,Cabang3,Alpukat,2025-01-27 10:52:43,18,0
RWS0836,Cabang3,Minyak,2025-02-09 10:50:26,45,0
RWS0837,Cabang3,Beras Merah,2025-01-09 09:10:09,0,18
RWS0838,Cabang3,Brokoli,2025-10-05 07:53:26,37,0
RWS0839,Cabang1,Beras Merah,2025-05-25 00:24:50,23,0
RWS0840,Cabang3,Brokoli,2024-10-24 10:22:48,0,18
RWS0841,Cabang3,Telur,2025-03-11 12:07:53,0,12
RWS0842,Cabang3,Beras Merah,2024-12-07 12:28:06,0,8
RWS0843,Cabang1,Fillet Ikan Dori,2025-01-09 19:16:46,40,0
RWS0844,Cabang3,Fillet Ikan Dori,2024-11-20 04:00:50,6,0
RWS0845,Pusat,Telur,2025-07-18 07:58:50,41,0
RWS0846,Pusat,Daun Selada,2025-07-18 17:19:16,0,28
RWS0847,Cabang3,Beras Merah,2025-06-21 01:04:07,20,0
RWS0848,Pusat,Brokoli,2025-09-29 09:05:35,2,0
RWS0849,Cabang4,Brokoli,2025-01-01 00:37:27,0,29
RWS0850,Cabang3,Minyak,2024-11-23 08:30:49,0,39
RWS0851,Cabang3,Beras Merah,2025-01-28 16:19:46,0,3
RWS0852,Cabang1,Daun Selada,2025-04-29 07:31:49,46,0
RWS0853,Cabang4,Oatmeal,2025-01-04 21:17:27,19,0
RWS0854,Cabang3,Telur,2025-01-09 19:47:25,0,14
RWS0855,Cabang3,Daun Selada,2025-05-17 05:24:48,0,22
RWS0856,Cabang4,Brokoli,2025-03-11 20:34:21,0,42
RWS0857,Cabang2,Brokoli,2024-10-13 20:09:21,0,41
RWS0858,Pusat,Brokoli,2024-11-05 18:41:34,0,30
RWS0859,Pusat,Dada Ayam Fillet,2025-01-04 00:37:03,0,13
RWS0860,Cabang4,Brokoli,2025-02-09 08:26:21,39,0
RWS0861,Cabang3,Minyak,2025-08-01 05:02:23,0,30
RWS0862,Pusat,Brokoli,2025-01-03 13:25:12,10,0
RWS0863,Cabang3,Minyak,2025-10-04 13:00:58,0,17
RWS0864,Cabang4,Daun Selada,2024-12-01 07:44:35,0,6
RWS0865,Pusat,Beras Merah,2024-11-06 17:35:40,0,33
RWS0866,Cabang1,Minyak,2024-11-29 05:42:56,0,10
RWS0867,Cabang3,Oatmeal,2024-10-21 11:57:39,0,46
RWS0868,Pusat,Daun Selada,2025-07-18 08:04:04,0,10
RWS0869,Cabang2,Minyak,2025-04-24 14:50:43,42,0
RWS0870,Cabang3,Daun Selada,2024-11-24 18:47:34,0,36
RWS0871,Cabang4,Daun Selada,2025-08-19 21:02:13,0,21
RWS0872,Cabang1,Beras Merah,2025-08-28 00:07:29,13,0
RWS0873,Cabang4,Daun Selada,2024-12-29 04:06:18,0,2
RWS0874,Cabang1,Oatmeal,2025-03-24 23:55:35,0,9
RWS0875,Cabang4,Dada Ayam Fillet,2025-09-05 13:50:07,0,31
RWS0876,Cabang2,Telur,2025-08-15 17:27:51,0,3
RWS0877,Cabang4,Alpukat,2025-03-08 06:01:36,0,49
RWS0878,Pusat,Daun Selada,2025-10-02 01:24:21,0,11
RWS0879,Cabang4,Oatmeal,2025-06-30 15:03:31,0,37
RWS0880,Pusat,Wortel,2025-02-18 18:57:46,0,34
RWS0881,Cabang1,Fillet Ikan Dori,2024-11-14 12:06:35,27,0
RWS0882,Cabang1,Telur,2025-06-11 19:45:07,44,0
RWS0883,Cabang3,Daun Selada,2025-06-13 23:10:36,0,42
RWS0884,Cabang4,Oatmeal,2025-09-17 11:28:04,49,0
RWS0885,Cabang4,Oatmeal,2025-08-03 13:58:26,29,0
RWS0886,Pusat,Minyak,2024-12-12 05:39:27,11,0
RWS0887,Pusat,Fillet Ikan Dori,2025-04-02 21:43:38,28,0
RWS0888,Cabang4,Dada Ayam Fillet,2025-07-30 00:14:01,0,46
RWS0889,Cabang2,Daun Selada,2025-06-29 10:35:39,1,0
RWS0890,Pusat,Dada Ayam Fillet,2025-03-24 04:06:33,24,0
RWS0891,Cabang3,Fillet Ikan Dori,2025-04-10 01:45:15,0,23
RWS0892,Cabang1,Wortel,2025-09-26 21:51:29,8,0
RWS0893,Cabang2,Brokoli,2025-04-11 21:14:53,3,0
RWS0894,Cabang3,Brokoli,2025-04-08 21:13:56,42,0
RWS0895,Cabang1,Minyak,2025-09-30 14:49:35,7,0
RWS0896,Pusat,Dada Ayam Fillet,2024-12-05 11:56:26,0,4
RWS0897,Cabang3,Beras Merah,2025-01-30 11:33:17,0,10
RWS0898,Cabang3,Wortel,2025-01-28 04:30:54,3,0
RWS0899,Cabang2,Beras Merah,2025-08-10 04:13:15,4,0
RWS0900,Cabang3,Oatmeal,2025-09-06 08:03:33,0,34
RWS0901,Cabang2,Fillet Ikan Dori,2025-01-24 13:56:20,20,0
RWS0902,Cabang3,Alpukat,2025-07-27 21:38:24,0,36
RWS0903,Cabang4,Dada Ayam Fillet,2025-03-29 04:14:29,13,0
RWS0904,Cabang2,Minyak,2024-11-05 17:26:23,5,0
RWS0905,Cabang1,Dada Ayam Fillet,2025-09-17 06:09:51,0,4
RWS0906,Cabang3,Beras Merah,2025-03-10 00:25:04,48,0
RWS0907,Cabang1,Fillet Ikan Dori,2025-02-13 06:56:49,21,0
RWS0908,Cabang3,Wortel,2024-10-24 13:12:45,0,1
RWS0909,Cabang1,Brokoli,2025-07-17 09:26:08,0,49
RWS0910,Cabang4,Brokoli,2024-10-22 14:56:13,0,34
RWS0911,Cabang3,Oatmeal,2025-05-04 22:51:37,4,0
RWS0912,Cabang2,Oatmeal,2025-06-21 05:26:12,0,16
RWS0913,Pusat,Alpukat,2024-11-18 12:25:26,0,27
RWS0914,Cabang2,Oatmeal,2025-10-05 15:32:29,22,0
RWS0915,Pusat,Brokoli,2025-10-11 07:43:30,0,34
RWS0916,Cabang4,Oatmeal,2025-09-12 13:21:51,0,32
RWS0917,Pusat,Fillet Ikan Dori,2025-09-17 00:21:32,0,6
RWS0918,Pusat,Dada Ayam Fillet,2024-12-25 02:32:51,19,0
RWS0919,Cabang3,Brokoli,2025-06-09 07:15:58,39,0
RWS0920,Cabang2,Fillet Ikan Dori,2025-02-10 02:17:59,34,0
RWS0921,Cabang3,Beras Merah,2025-10-04 00:34:40,0,16
RWS0922,Cabang4,Brokoli,2024-11-16 17:07:52,0,39
RWS0923,Pusat,Oatmeal,2025-02-14 06:58:36,0,16
RWS0924,Cabang4,Fillet Ikan Dori,2025-09-04 20:57:21,0,13
RWS0925,Pusat,Telur,2025-09-09 21:06:33,0,41
RWS0926,Cabang4,Oatmeal,2024-12-15 19:44:20,30,0
RWS0927,Cabang3,Brokoli,2025-01-25 18:52:29,0,44
RWS0928,Cabang2,Oatmeal,2025-03-24 16:45:06,31,0
RWS0929,Cabang3,Wortel,2024-12-16 23:48:48,24,0
RWS0930,Cabang4,Alpukat,2025-05-30 22:36:55,19,0
RWS0931,Cabang1,Beras Merah,2025-02-18 00:39:13,0,46
RWS0932,Cabang4,Beras Merah,2024-12-21 06:21:25,0,45
RWS0933,Cabang3,Dada Ayam Fillet,2025-02-07 11:01:12,0,29
RWS0934,Cabang3,Daun Selada,2024-11-24 06:40:18,0,13
RWS0935,Cabang1,Wortel,2024-10-25 14:35:17,0,13
RWS0936,Cabang3,Oatmeal,2024-11-20 11:06:54,44,0
RWS0937,Cabang1,Beras Merah,2025-05-20 03:42:24,44,0
RWS0938,Cabang4,Wortel,2025-03-07 20:38:29,17,0
RWS0939,Cabang2,Dada Ayam Fillet,2025-05-26 04:56:38,46,0
RWS0940,Cabang2,Dada Ayam Fillet,2025-05-23 05:11:18,2,0
RWS0941,Pusat,Dada Ayam Fillet,2025-01-24 21:32:08,0,14
RWS0942,Cabang2,Minyak,2025-10-09 00:26:37,0,29
RWS0943,Cabang2,Daun Selada,2025-06-01 03:28:38,2,0
RWS0944,Cabang3,Beras Merah,2025-10-09 13:58:59,0,3
RWS0945,Pusat,Daun Selada,2025-01-26 06:28:09,0,4
RWS0946,Cabang1,Telur,2025-08-11 05:25:43,14,0
RWS0947,Pusat,Alpukat,2025-04-07 00:58:20,38,0
RWS0948,Pusat,Beras Merah,2025-03-15 05:43:53,0,6
RWS0949,Cabang2,Telur,2024-11-08 08:10:12,0,7
RWS0950,Cabang1,Fillet Ikan Dori,2025-07-10 02:33:01,0,44
RWS0951,Cabang2,Oatmeal,2025-09-27 23:14:18,41,0
RWS0952,Cabang1,Fillet Ikan Dori,2025-03-05 17:56:29,0,32
RWS0953,Pusat,Daun Selada,2025-07-07 22:40:08,0,44
RWS0954,Cabang1,Daun Selada,2025-07-13 05:12:49,2,0
RWS0955,Cabang4,Minyak,2025-08-01 09:31:22,0,7
RWS0956,Cabang2,Daun Selada,2025-09-21 04:52:09,0,15
RWS0957,Cabang3,Fillet Ikan Dori,2025-09-02 23:35:07,0,11
RWS0958,Cabang3,Brokoli,2025-07-12 04:35:28,0,11
RWS0959,Cabang1,Daun Selada,2025-01-02 03:25:16,0,44
RWS0960,Cabang2,Beras Merah,2025-05-04 09:05:59,0,24
RWS0961,Cabang3,Minyak,2025-05-07 15:32:51,46,0
RWS0962,Cabang4,Wortel,2025-02-03 23:24:02,27,0
RWS0963,Cabang1,Beras Merah,2025-04-24 11:58:16,8,0
RWS0964,Cabang3,Alpukat,2024-11-02 10:48:30,0,50
RWS0965,Pusat,Beras Merah,2025-09-04 04:02:35,0,12
RWS0966,Cabang4,Telur,2025-03-12 00:56:52,0,44
RWS0967,Cabang4,Minyak,2024-10-22 15:59:42,30,0
RWS0968,Pusat,Minyak,2025-08-10 00:39:49,0,2
RWS0969,Cabang1,Brokoli,2025-08-10 22:53:20,0,7
RWS0970,Cabang3,Alpukat,2025-09-01 08:55:48,0,38
RWS0971,Cabang4,Brokoli,2025-04-01 04:33:31,0,22
RWS0972,Cabang2,Telur,2024-12-18 21:50:28,3,0
RWS0973,Cabang2,Daun Selada,2024-11-12 03:10:19,9,0
RWS0974,Pusat,Daun Selada,2025-05-22 22:41:14,33,0
RWS0975,Cabang2,Alpukat,2025-09-18 08:52:14,0,16
RWS0976,Cabang1,Daun Selada,2025-06-09 01:47:54,6,0
RWS0977,Cabang3,Daun Selada,2025-01-28 15:03:28,0,29
RWS0978,Cabang3,Dada Ayam Fillet,2025-03-25 02:59:19,4,0
RWS0979,Cabang4,Wortel,2025-01-03 18:09:41,0,44
RWS0980,Cabang3,Brokoli,2025-09-20 23:53:08,0,12
RWS0981,Cabang2,Daun Selada,2025-08-09 20:52:33,0,16
RWS0982,Cabang3,Daun Selada,2024-10-15 15:31:26,0,4
RWS0983,Cabang3,Daun Selada,2025-04-27 19:24:31,0,23
RWS0984,Cabang1,Daun Selada,2025-10-02 14:28:34,37,0
RWS0985,Cabang2,Dada Ayam Fillet,2025-09-22 06:13:16,38,0
RWS0986,Cabang3,Brokoli,2025-03-25 17:46:25,29,0
RWS0987,Cabang4,Brokoli,2025-09-25 20:45:50,0,22
RWS0988,Cabang4,Daun Selada,2025-01-23 06:48:28,0,17
RWS0989,Cabang4,Fillet Ikan Dori,2025-06-19 14:21:04,0,24
RWS0990,Pusat,Beras Merah,2025-02-25 09:34:01,0,13
RWS0991,Cabang4,Brokoli,2025-01-03 18:55:35,7,0
RWS0992,Cabang2,Dada Ayam Fillet,2025-09-22 05:25:23,41,0
RWS0993,Cabang1,Alpukat,2025-01-23 14:25:31,0,5
RWS0994,Cabang4,Dada Ayam Fillet,2025-07-13 06:23:38,16,0
RWS0995,Cabang3,Fillet Ikan Dori,2024-12-07 04:49:20,0,33
RWS0996,Pusat,Daun Selada,2024-12-26 23:51:05,25,0
RWS0997,Cabang1,Fillet Ikan Dori,2025-07-09 19:57:02,46,0
RWS0998,Cabang3,Daun Selada,2025-05-29 02:00:52,11,0
RWS0999,Cabang2,Brokoli,2024-11-04 11:14:11,0,9
RWS1000,Cabang1,Telur,2025-02-25 09:00:15,9,0
